TSDate,serieNames,sales,year,month,day,weekday,is_weekend,is_holiday,holiday_name
2013-06-21,serie_1,26,2013,6,21,Friday,False,False,
2013-06-21,serie_2,54,2013,6,21,Friday,False,False,
2013-06-22,serie_1,74,2013,6,22,Saturday,True,False,
2013-06-22,serie_1,33,2013,6,22,Saturday,True,False,
2013-06-23,serie_1,29,2013,6,23,Sunday,True,False,
2013-06-23,serie_2,99,2013,6,23,Sunday,True,False,
2013-06-24,serie_1,35,2013,6,24,Monday,False,False,
2013-06-24,serie_1,73,2013,6,24,Monday,False,False,
2013-06-25,serie_1,96,2013,6,25,Tuesday,False,False,
2013-06-25,serie_2,89,2013,6,25,Tuesday,False,False,
2013-06-26,serie_1,63,2013,6,26,Wednesday,False,False,
2013-06-26,serie_1,92,2013,6,26,Wednesday,False,False,
2013-06-27,serie_1,64,2013,6,27,Thursday,False,False,
2013-06-27,serie_1,75,2013,6,27,Thursday,False,False,
2013-06-28,serie_2,76,2013,6,28,Friday,False,False,
2013-06-28,serie_1,40,2013,6,28,Friday,False,False,
2013-06-29,serie_2,87,2013,6,29,Saturday,True,False,
2013-06-29,serie_2,69,2013,6,29,Saturday,True,False,
2013-06-30,serie_2,52,2013,6,30,Sunday,True,False,
2013-06-30,serie_1,26,2013,6,30,Sunday,True,False,
2013-07-01,serie_2,89,2013,7,1,Monday,False,False,
2013-07-01,serie_1,34,2013,7,1,Monday,False,False,
2013-07-02,serie_2,51,2013,7,2,Tuesday,False,False,
2013-07-02,serie_2,94,2013,7,2,Tuesday,False,False,
2013-07-03,serie_2,39,2013,7,3,Wednesday,False,False,
2013-07-03,serie_2,34,2013,7,3,Wednesday,False,False,
2013-07-04,serie_2,67,2013,7,4,Thursday,False,False,
2013-07-04,serie_2,90,2013,7,4,Thursday,False,False,
2013-07-05,serie_2,40,2013,7,5,Friday,False,False,
2013-07-05,serie_2,61,2013,7,5,Friday,False,False,
2013-07-06,serie_1,45,2013,7,6,Saturday,True,False,
2013-07-06,serie_1,33,2013,7,6,Saturday,True,False,
2013-07-07,serie_2,76,2013,7,7,Sunday,True,False,
2013-07-07,serie_2,56,2013,7,7,Sunday,True,False,
2013-07-08,serie_2,77,2013,7,8,Monday,False,False,
2013-07-08,serie_1,40,2013,7,8,Monday,False,False,
2013-07-09,serie_2,88,2013,7,9,Tuesday,False,False,
2013-07-09,serie_1,22,2013,7,9,Tuesday,False,False,
2013-07-10,serie_1,56,2013,7,10,Wednesday,False,False,
2013-07-10,serie_1,68,2013,7,10,Wednesday,False,False,
2013-07-11,serie_1,38,2013,7,11,Thursday,False,False,
2013-07-11,serie_1,31,2013,7,11,Thursday,False,False,
2013-07-12,serie_2,80,2013,7,12,Friday,False,False,
2013-07-12,serie_2,60,2013,7,12,Friday,False,False,
2013-07-13,serie_2,52,2013,7,13,Saturday,True,False,
2013-07-13,serie_2,69,2013,7,13,Saturday,True,False,
2013-07-14,serie_2,87,2013,7,14,Sunday,True,False,
2013-07-14,serie_1,90,2013,7,14,Sunday,True,False,
2013-07-15,serie_2,52,2013,7,15,Monday,False,False,
2013-07-15,serie_2,43,2013,7,15,Monday,False,False,
2013-07-16,serie_1,80,2013,7,16,Tuesday,False,False,
2013-07-16,serie_2,80,2013,7,16,Tuesday,False,False,
2013-07-17,serie_1,47,2013,7,17,Wednesday,False,False,
2013-07-17,serie_2,77,2013,7,17,Wednesday,False,False,
2013-07-18,serie_1,62,2013,7,18,Thursday,False,False,
2013-07-18,serie_2,60,2013,7,18,Thursday,False,False,
2013-07-19,serie_2,58,2013,7,19,Friday,False,False,
2013-07-19,serie_1,68,2013,7,19,Friday,False,False,
2013-07-20,serie_1,36,2013,7,20,Saturday,True,False,
2013-07-20,serie_1,89,2013,7,20,Saturday,True,False,
2013-07-21,serie_1,89,2013,7,21,Sunday,True,False,
2013-07-21,serie_1,84,2013,7,21,Sunday,True,False,
2013-07-22,serie_1,93,2013,7,22,Monday,False,False,
2013-07-22,serie_1,24,2013,7,22,Monday,False,False,
2013-07-23,serie_1,21,2013,7,23,Tuesday,False,False,
2013-07-23,serie_2,41,2013,7,23,Tuesday,False,False,
2013-07-24,serie_2,76,2013,7,24,Wednesday,False,False,
2013-07-24,serie_1,85,2013,7,24,Wednesday,False,False,
2013-07-25,serie_2,93,2013,7,25,Thursday,False,False,
2013-07-25,serie_2,35,2013,7,25,Thursday,False,False,
2013-07-26,serie_2,70,2013,7,26,Friday,False,False,
2013-07-26,serie_2,58,2013,7,26,Friday,False,False,
2013-07-27,serie_1,95,2013,7,27,Saturday,True,False,
2013-07-27,serie_2,59,2013,7,27,Saturday,True,False,
2013-07-28,serie_1,57,2013,7,28,Sunday,True,False,
2013-07-28,serie_2,79,2013,7,28,Sunday,True,False,
2013-07-29,serie_2,78,2013,7,29,Monday,False,False,
2013-07-29,serie_2,29,2013,7,29,Monday,False,False,
2013-07-30,serie_1,83,2013,7,30,Tuesday,False,False,
2013-07-30,serie_2,82,2013,7,30,Tuesday,False,False,
2013-07-31,serie_1,68,2013,7,31,Wednesday,False,False,
2013-07-31,serie_2,83,2013,7,31,Wednesday,False,False,
2013-08-01,serie_1,51,2013,8,1,Thursday,False,False,
2013-08-01,serie_2,26,2013,8,1,Thursday,False,False,
2013-08-02,serie_1,40,2013,8,2,Friday,False,False,
2013-08-02,serie_1,39,2013,8,2,Friday,False,False,
2013-08-03,serie_2,45,2013,8,3,Saturday,True,False,
2013-08-03,serie_1,87,2013,8,3,Saturday,True,False,
2013-08-04,serie_2,34,2013,8,4,Sunday,True,False,
2013-08-04,serie_2,98,2013,8,4,Sunday,True,False,
2013-08-05,serie_2,33,2013,8,5,Monday,False,False,
2013-08-05,serie_2,46,2013,8,5,Monday,False,False,
2013-08-06,serie_2,59,2013,8,6,Tuesday,False,False,
2013-08-06,serie_2,77,2013,8,6,Tuesday,False,False,
2013-08-07,serie_2,47,2013,8,7,Wednesday,False,False,
2013-08-07,serie_2,45,2013,8,7,Wednesday,False,False,
2013-08-08,serie_2,82,2013,8,8,Thursday,False,False,
2013-08-08,serie_2,85,2013,8,8,Thursday,False,False,
2013-08-09,serie_2,44,2013,8,9,Friday,False,False,
2013-08-09,serie_1,22,2013,8,9,Friday,False,False,
2013-08-10,serie_1,91,2013,8,10,Saturday,True,False,
2013-08-10,serie_2,63,2013,8,10,Saturday,True,False,
2013-08-11,serie_2,61,2013,8,11,Sunday,True,False,
2013-08-11,serie_2,25,2013,8,11,Sunday,True,False,
2013-08-12,serie_2,58,2013,8,12,Monday,False,False,
2013-08-12,serie_2,71,2013,8,12,Monday,False,False,
2013-08-13,serie_2,42,2013,8,13,Tuesday,False,False,
2013-08-13,serie_2,69,2013,8,13,Tuesday,False,False,
2013-08-14,serie_2,62,2013,8,14,Wednesday,False,False,
2013-08-14,serie_1,38,2013,8,14,Wednesday,False,False,
2013-08-15,serie_2,88,2013,8,15,Thursday,False,False,
2013-08-15,serie_1,70,2013,8,15,Thursday,False,False,
2013-08-16,serie_2,30,2013,8,16,Friday,False,False,
2013-08-16,serie_2,31,2013,8,16,Friday,False,False,
2013-08-17,serie_1,93,2013,8,17,Saturday,True,False,
2013-08-17,serie_2,27,2013,8,17,Saturday,True,False,
2013-08-18,serie_1,43,2013,8,18,Sunday,True,False,
2013-08-18,serie_2,60,2013,8,18,Sunday,True,False,
2013-08-19,serie_2,55,2013,8,19,Monday,False,False,
2013-08-19,serie_1,91,2013,8,19,Monday,False,False,
2013-08-20,serie_2,74,2013,8,20,Tuesday,False,False,
2013-08-20,serie_1,28,2013,8,20,Tuesday,False,False,
2013-08-21,serie_2,66,2013,8,21,Wednesday,False,False,
2013-08-21,serie_1,34,2013,8,21,Wednesday,False,False,
2013-08-22,serie_1,67,2013,8,22,Thursday,False,False,
2013-08-22,serie_2,61,2013,8,22,Thursday,False,False,
2013-08-23,serie_2,79,2013,8,23,Friday,False,False,
2013-08-23,serie_1,89,2013,8,23,Friday,False,False,
2013-08-24,serie_2,31,2013,8,24,Saturday,True,False,
2013-08-24,serie_2,21,2013,8,24,Saturday,True,False,
2013-08-25,serie_2,26,2013,8,25,Sunday,True,False,
2013-08-25,serie_1,99,2013,8,25,Sunday,True,False,
2013-08-26,serie_1,22,2013,8,26,Monday,False,False,
2013-08-26,serie_1,22,2013,8,26,Monday,False,False,
2013-08-27,serie_1,46,2013,8,27,Tuesday,False,False,
2013-08-27,serie_1,59,2013,8,27,Tuesday,False,False,
2013-08-28,serie_1,52,2013,8,28,Wednesday,False,False,
2013-08-28,serie_1,20,2013,8,28,Wednesday,False,False,
2013-08-29,serie_1,27,2013,8,29,Thursday,False,False,
2013-08-29,serie_1,51,2013,8,29,Thursday,False,False,
2013-08-30,serie_2,67,2013,8,30,Friday,False,False,
2013-08-30,serie_1,23,2013,8,30,Friday,False,False,
2013-08-31,serie_2,89,2013,8,31,Saturday,True,False,
2013-08-31,serie_2,38,2013,8,31,Saturday,True,False,
2013-09-01,serie_2,51,2013,9,1,Sunday,True,False,
2013-09-01,serie_1,28,2013,9,1,Sunday,True,False,
2013-09-02,serie_1,31,2013,9,2,Monday,False,False,
2013-09-02,serie_1,30,2013,9,2,Monday,False,False,
2013-09-03,serie_1,65,2013,9,3,Tuesday,False,False,
2013-09-03,serie_2,35,2013,9,3,Tuesday,False,False,
2013-09-04,serie_1,20,2013,9,4,Wednesday,False,False,
2013-09-04,serie_1,82,2013,9,4,Wednesday,False,False,
2013-09-05,serie_1,40,2013,9,5,Thursday,False,False,
2013-09-05,serie_1,49,2013,9,5,Thursday,False,False,
2013-09-06,serie_1,32,2013,9,6,Friday,False,False,
2013-09-06,serie_2,53,2013,9,6,Friday,False,False,
2013-09-07,serie_1,23,2013,9,7,Saturday,True,False,
2013-09-07,serie_2,47,2013,9,7,Saturday,True,False,
2013-09-08,serie_1,78,2013,9,8,Sunday,True,False,
2013-09-08,serie_2,46,2013,9,8,Sunday,True,False,
2013-09-09,serie_1,88,2013,9,9,Monday,False,False,
2013-09-09,serie_1,44,2013,9,9,Monday,False,False,
2013-09-10,serie_2,22,2013,9,10,Tuesday,False,False,
2013-09-10,serie_2,87,2013,9,10,Tuesday,False,False,
2013-09-11,serie_2,44,2013,9,11,Wednesday,False,False,
2013-09-11,serie_1,39,2013,9,11,Wednesday,False,False,
2013-09-12,serie_2,53,2013,9,12,Thursday,False,False,
2013-09-12,serie_1,45,2013,9,12,Thursday,False,False,
2013-09-13,serie_1,24,2013,9,13,Friday,False,False,
2013-09-13,serie_2,80,2013,9,13,Friday,False,False,
2013-09-14,serie_2,28,2013,9,14,Saturday,True,False,
2013-09-14,serie_1,69,2013,9,14,Saturday,True,False,
2013-09-15,serie_1,25,2013,9,15,Sunday,True,False,
2013-09-15,serie_2,79,2013,9,15,Sunday,True,False,
2013-09-16,serie_2,63,2013,9,16,Monday,False,False,
2013-09-16,serie_2,30,2013,9,16,Monday,False,False,
2013-09-17,serie_1,85,2013,9,17,Tuesday,False,False,
2013-09-17,serie_1,66,2013,9,17,Tuesday,False,False,
2013-09-18,serie_1,92,2013,9,18,Wednesday,False,False,
2013-09-18,serie_1,22,2013,9,18,Wednesday,False,False,
2013-09-19,serie_1,95,2013,9,19,Thursday,False,False,
2013-09-19,serie_1,49,2013,9,19,Thursday,False,False,
2013-09-20,serie_2,40,2013,9,20,Friday,False,False,
2013-09-20,serie_1,47,2013,9,20,Friday,False,False,
2013-09-21,serie_1,81,2013,9,21,Saturday,True,False,
2013-09-21,serie_1,52,2013,9,21,Saturday,True,False,
2013-09-22,serie_2,54,2013,9,22,Sunday,True,False,
2013-09-22,serie_1,71,2013,9,22,Sunday,True,False,
2013-09-23,serie_1,53,2013,9,23,Monday,False,False,
2013-09-23,serie_2,60,2013,9,23,Monday,False,False,
2013-09-24,serie_1,70,2013,9,24,Tuesday,False,False,
2013-09-24,serie_1,66,2013,9,24,Tuesday,False,False,
2013-09-25,serie_1,77,2013,9,25,Wednesday,False,False,
2013-09-25,serie_1,94,2013,9,25,Wednesday,False,False,
2013-09-26,serie_1,76,2013,9,26,Thursday,False,False,
2013-09-26,serie_2,42,2013,9,26,Thursday,False,False,
2013-09-27,serie_2,67,2013,9,27,Friday,False,False,
2013-09-27,serie_2,41,2013,9,27,Friday,False,False,
2013-09-28,serie_1,36,2013,9,28,Saturday,True,False,
2013-09-28,serie_1,88,2013,9,28,Saturday,True,False,
2013-09-29,serie_1,30,2013,9,29,Sunday,True,False,
2013-09-29,serie_2,34,2013,9,29,Sunday,True,False,
2013-09-30,serie_1,54,2013,9,30,Monday,False,False,
2013-09-30,serie_1,52,2013,9,30,Monday,False,False,
2013-10-01,serie_2,35,2013,10,1,Tuesday,False,False,
2013-10-01,serie_1,53,2013,10,1,Tuesday,False,False,
2013-10-02,serie_2,85,2013,10,2,Wednesday,False,False,
2013-10-02,serie_2,59,2013,10,2,Wednesday,False,False,
2013-10-03,serie_2,47,2013,10,3,Thursday,False,False,
2013-10-03,serie_1,66,2013,10,3,Thursday,False,False,
2013-10-04,serie_1,58,2013,10,4,Friday,False,False,
2013-10-04,serie_1,89,2013,10,4,Friday,False,False,
2013-10-05,serie_1,92,2013,10,5,Saturday,True,False,
2013-10-05,serie_1,39,2013,10,5,Saturday,True,False,
2013-10-06,serie_1,20,2013,10,6,Sunday,True,False,
2013-10-06,serie_1,91,2013,10,6,Sunday,True,False,
2013-10-07,serie_2,82,2013,10,7,Monday,False,False,
2013-10-07,serie_1,86,2013,10,7,Monday,False,False,
2013-10-08,serie_2,23,2013,10,8,Tuesday,False,False,
2013-10-08,serie_1,77,2013,10,8,Tuesday,False,False,
2013-10-09,serie_1,44,2013,10,9,Wednesday,False,False,
2013-10-09,serie_1,66,2013,10,9,Wednesday,False,False,
2013-10-10,serie_2,57,2013,10,10,Thursday,False,False,
2013-10-10,serie_2,34,2013,10,10,Thursday,False,False,
2013-10-11,serie_2,82,2013,10,11,Friday,False,False,
2013-10-11,serie_2,40,2013,10,11,Friday,False,False,
2013-10-12,serie_1,76,2013,10,12,Saturday,True,False,
2013-10-12,serie_2,72,2013,10,12,Saturday,True,False,
2013-10-13,serie_1,65,2013,10,13,Sunday,True,False,
2013-10-13,serie_1,33,2013,10,13,Sunday,True,False,
2013-10-14,serie_2,95,2013,10,14,Monday,False,False,
2013-10-14,serie_2,36,2013,10,14,Monday,False,False,
2013-10-15,serie_2,58,2013,10,15,Tuesday,False,False,
2013-10-15,serie_2,28,2013,10,15,Tuesday,False,False,
2013-10-16,serie_2,96,2013,10,16,Wednesday,False,False,
2013-10-16,serie_2,98,2013,10,16,Wednesday,False,False,
2013-10-17,serie_2,25,2013,10,17,Thursday,False,False,
2013-10-17,serie_2,42,2013,10,17,Thursday,False,False,
2013-10-18,serie_1,78,2013,10,18,Friday,False,False,
2013-10-18,serie_2,65,2013,10,18,Friday,False,False,
2013-10-19,serie_2,57,2013,10,19,Saturday,True,False,
2013-10-19,serie_1,33,2013,10,19,Saturday,True,False,
2013-10-20,serie_2,91,2013,10,20,Sunday,True,False,
2013-10-20,serie_1,81,2013,10,20,Sunday,True,False,
2013-10-21,serie_1,54,2013,10,21,Monday,False,False,
2013-10-21,serie_2,38,2013,10,21,Monday,False,False,
2013-10-22,serie_1,49,2013,10,22,Tuesday,False,False,
2013-10-22,serie_1,97,2013,10,22,Tuesday,False,False,
2013-10-23,serie_1,44,2013,10,23,Wednesday,False,False,
2013-10-23,serie_1,59,2013,10,23,Wednesday,False,False,
2013-10-24,serie_2,33,2013,10,24,Thursday,False,False,
2013-10-24,serie_1,45,2013,10,24,Thursday,False,False,
2013-10-25,serie_2,41,2013,10,25,Friday,False,False,
2013-10-25,serie_1,67,2013,10,25,Friday,False,False,
2013-10-26,serie_1,70,2013,10,26,Saturday,True,False,
2013-10-26,serie_1,22,2013,10,26,Saturday,True,False,
2013-10-27,serie_1,61,2013,10,27,Sunday,True,False,
2013-10-27,serie_2,38,2013,10,27,Sunday,True,False,
2013-10-28,serie_2,92,2013,10,28,Monday,False,False,
2013-10-28,serie_1,47,2013,10,28,Monday,False,False,
2013-10-29,serie_1,64,2013,10,29,Tuesday,False,False,
2013-10-29,serie_2,90,2013,10,29,Tuesday,False,False,
2013-10-30,serie_1,97,2013,10,30,Wednesday,False,False,
2013-10-30,serie_1,82,2013,10,30,Wednesday,False,False,
2013-10-31,serie_1,92,2013,10,31,Thursday,False,False,
2013-10-31,serie_2,38,2013,10,31,Thursday,False,False,
2013-11-01,serie_2,66,2013,11,1,Friday,False,False,
2013-11-01,serie_2,33,2013,11,1,Friday,False,False,
2013-11-02,serie_1,57,2013,11,2,Saturday,True,False,
2013-11-02,serie_1,72,2013,11,2,Saturday,True,False,
2013-11-03,serie_2,80,2013,11,3,Sunday,True,False,
2013-11-03,serie_2,55,2013,11,3,Sunday,True,False,
2013-11-04,serie_2,59,2013,11,4,Monday,False,False,
2013-11-04,serie_2,49,2013,11,4,Monday,False,False,
2013-11-05,serie_1,28,2013,11,5,Tuesday,False,False,
2013-11-05,serie_2,83,2013,11,5,Tuesday,False,False,
2013-11-06,serie_1,52,2013,11,6,Wednesday,False,False,
2013-11-06,serie_2,71,2013,11,6,Wednesday,False,False,
2013-11-07,serie_1,33,2013,11,7,Thursday,False,False,
2013-11-07,serie_2,94,2013,11,7,Thursday,False,False,
2013-11-08,serie_2,72,2013,11,8,Friday,False,False,
2013-11-08,serie_2,78,2013,11,8,Friday,False,False,
2013-11-09,serie_2,97,2013,11,9,Saturday,True,False,
2013-11-09,serie_1,60,2013,11,9,Saturday,True,False,
2013-11-10,serie_2,87,2013,11,10,Sunday,True,False,
2013-11-10,serie_1,87,2013,11,10,Sunday,True,False,
2013-11-11,serie_1,27,2013,11,11,Monday,False,False,
2013-11-11,serie_1,21,2013,11,11,Monday,False,False,
2013-11-12,serie_1,60,2013,11,12,Tuesday,False,False,
2013-11-12,serie_2,74,2013,11,12,Tuesday,False,False,
2013-11-13,serie_1,35,2013,11,13,Wednesday,False,False,
2013-11-13,serie_1,81,2013,11,13,Wednesday,False,False,
2013-11-14,serie_1,67,2013,11,14,Thursday,False,False,
2013-11-14,serie_2,49,2013,11,14,Thursday,False,False,
2013-11-15,serie_2,31,2013,11,15,Friday,False,False,
2013-11-15,serie_2,54,2013,11,15,Friday,False,False,
2013-11-16,serie_2,30,2013,11,16,Saturday,True,False,
2013-11-16,serie_1,83,2013,11,16,Saturday,True,False,
2013-11-17,serie_1,69,2013,11,17,Sunday,True,False,
2013-11-17,serie_2,40,2013,11,17,Sunday,True,False,
2013-11-18,serie_1,88,2013,11,18,Monday,False,False,
2013-11-18,serie_1,67,2013,11,18,Monday,False,False,
2013-11-19,serie_1,39,2013,11,19,Tuesday,False,False,
2013-11-19,serie_2,86,2013,11,19,Tuesday,False,False,
2013-11-20,serie_2,63,2013,11,20,Wednesday,False,False,
2013-11-20,serie_1,52,2013,11,20,Wednesday,False,False,
2013-11-21,serie_2,92,2013,11,21,Thursday,False,False,
2013-11-21,serie_2,80,2013,11,21,Thursday,False,False,
2013-11-22,serie_2,28,2013,11,22,Friday,False,False,
2013-11-22,serie_2,87,2013,11,22,Friday,False,False,
2013-11-23,serie_2,54,2013,11,23,Saturday,True,False,
2013-11-23,serie_1,84,2013,11,23,Saturday,True,False,
2013-11-24,serie_2,27,2013,11,24,Sunday,True,False,
2013-11-24,serie_1,64,2013,11,24,Sunday,True,False,
2013-11-25,serie_1,66,2013,11,25,Monday,False,False,
2013-11-25,serie_2,59,2013,11,25,Monday,False,False,
2013-11-26,serie_1,95,2013,11,26,Tuesday,False,False,
2013-11-26,serie_1,73,2013,11,26,Tuesday,False,False,
2013-11-27,serie_1,95,2013,11,27,Wednesday,False,False,
2013-11-27,serie_2,65,2013,11,27,Wednesday,False,False,
2013-11-28,serie_2,66,2013,11,28,Thursday,False,False,
2013-11-28,serie_1,34,2013,11,28,Thursday,False,False,
2013-11-29,serie_2,38,2013,11,29,Friday,False,False,
2013-11-29,serie_2,45,2013,11,29,Friday,False,False,
2013-11-30,serie_2,71,2013,11,30,Saturday,True,False,
2013-11-30,serie_2,41,2013,11,30,Saturday,True,False,
2013-12-01,serie_1,40,2013,12,1,Sunday,True,False,
2013-12-01,serie_1,70,2013,12,1,Sunday,True,False,
2013-12-02,serie_2,57,2013,12,2,Monday,False,False,
2013-12-02,serie_2,39,2013,12,2,Monday,False,False,
2013-12-03,serie_1,48,2013,12,3,Tuesday,False,False,
2013-12-03,serie_1,70,2013,12,3,Tuesday,False,False,
2013-12-04,serie_2,23,2013,12,4,Wednesday,False,False,
2013-12-04,serie_1,74,2013,12,4,Wednesday,False,False,
2013-12-05,serie_2,90,2013,12,5,Thursday,False,False,
2013-12-05,serie_2,47,2013,12,5,Thursday,False,False,
2013-12-06,serie_1,23,2013,12,6,Friday,False,False,
2013-12-06,serie_1,41,2013,12,6,Friday,False,False,
2013-12-07,serie_2,95,2013,12,7,Saturday,True,False,
2013-12-07,serie_2,64,2013,12,7,Saturday,True,False,
2013-12-08,serie_1,86,2013,12,8,Sunday,True,False,
2013-12-08,serie_2,85,2013,12,8,Sunday,True,False,
2013-12-09,serie_1,53,2013,12,9,Monday,False,False,
2013-12-09,serie_2,74,2013,12,9,Monday,False,False,
2013-12-10,serie_1,20,2013,12,10,Tuesday,False,False,
2013-12-10,serie_1,91,2013,12,10,Tuesday,False,False,
2013-12-11,serie_1,57,2013,12,11,Wednesday,False,False,
2013-12-11,serie_2,25,2013,12,11,Wednesday,False,False,
2013-12-12,serie_2,44,2013,12,12,Thursday,False,False,
2013-12-12,serie_1,36,2013,12,12,Thursday,False,False,
2013-12-13,serie_2,80,2013,12,13,Friday,False,False,
2013-12-13,serie_1,31,2013,12,13,Friday,False,False,
2013-12-14,serie_1,25,2013,12,14,Saturday,True,False,
2013-12-14,serie_2,46,2013,12,14,Saturday,True,False,
2013-12-15,serie_2,27,2013,12,15,Sunday,True,False,
2013-12-15,serie_1,84,2013,12,15,Sunday,True,False,
2013-12-16,serie_2,76,2013,12,16,Monday,False,False,
2013-12-16,serie_2,59,2013,12,16,Monday,False,False,
2013-12-17,serie_1,33,2013,12,17,Tuesday,False,False,
2013-12-17,serie_1,54,2013,12,17,Tuesday,False,False,
2013-12-18,serie_2,67,2013,12,18,Wednesday,False,False,
2013-12-18,serie_1,75,2013,12,18,Wednesday,False,False,
2013-12-19,serie_1,68,2013,12,19,Thursday,False,False,
2013-12-19,serie_2,32,2013,12,19,Thursday,False,False,
2013-12-20,serie_1,80,2013,12,20,Friday,False,False,
2013-12-20,serie_1,68,2013,12,20,Friday,False,False,
2013-12-21,serie_2,65,2013,12,21,Saturday,True,False,
2013-12-21,serie_2,81,2013,12,21,Saturday,True,False,
2013-12-22,serie_1,27,2013,12,22,Sunday,True,False,
2013-12-22,serie_1,62,2013,12,22,Sunday,True,False,
2013-12-23,serie_2,39,2013,12,23,Monday,False,False,
2013-12-23,serie_2,58,2013,12,23,Monday,False,False,
2013-12-24,serie_2,68,2013,12,24,Tuesday,False,False,
2013-12-24,serie_2,83,2013,12,24,Tuesday,False,False,
2013-12-25,serie_1,81,2013,12,25,Wednesday,False,False,
2013-12-25,serie_2,73,2013,12,25,Wednesday,False,False,
2013-12-26,serie_2,28,2013,12,26,Thursday,False,False,
2013-12-26,serie_1,56,2013,12,26,Thursday,False,False,
2013-12-27,serie_2,68,2013,12,27,Friday,False,False,
2013-12-27,serie_1,60,2013,12,27,Friday,False,False,
2013-12-28,serie_2,36,2013,12,28,Saturday,True,False,
2013-12-28,serie_2,40,2013,12,28,Saturday,True,False,
2013-12-29,serie_2,70,2013,12,29,Sunday,True,False,
2013-12-29,serie_1,78,2013,12,29,Sunday,True,False,
2013-12-30,serie_1,58,2013,12,30,Monday,False,False,
2013-12-30,serie_2,74,2013,12,30,Monday,False,False,
2013-12-31,serie_1,60,2013,12,31,Tuesday,False,False,
2013-12-31,serie_1,58,2013,12,31,Tuesday,False,False,
2014-01-01,serie_1,32,2014,1,1,Wednesday,False,False,
2014-01-01,serie_1,83,2014,1,1,Wednesday,False,False,
2014-01-02,serie_1,30,2014,1,2,Thursday,False,False,
2014-01-02,serie_1,38,2014,1,2,Thursday,False,False,
2014-01-03,serie_2,30,2014,1,3,Friday,False,False,
2014-01-03,serie_2,96,2014,1,3,Friday,False,False,
2014-01-04,serie_1,65,2014,1,4,Saturday,True,False,
2014-01-04,serie_2,64,2014,1,4,Saturday,True,False,
2014-01-05,serie_2,20,2014,1,5,Sunday,True,False,
2014-01-05,serie_2,59,2014,1,5,Sunday,True,False,
2014-01-06,serie_2,38,2014,1,6,Monday,False,False,
2014-01-06,serie_1,95,2014,1,6,Monday,False,False,
2014-01-07,serie_2,91,2014,1,7,Tuesday,False,False,
2014-01-07,serie_2,91,2014,1,7,Tuesday,False,False,
2014-01-08,serie_1,80,2014,1,8,Wednesday,False,False,
2014-01-08,serie_1,31,2014,1,8,Wednesday,False,False,
2014-01-09,serie_2,80,2014,1,9,Thursday,False,False,
2014-01-09,serie_2,52,2014,1,9,Thursday,False,False,
2014-01-10,serie_2,64,2014,1,10,Friday,False,False,
2014-01-10,serie_2,88,2014,1,10,Friday,False,False,
2014-01-11,serie_2,27,2014,1,11,Saturday,True,False,
2014-01-11,serie_2,44,2014,1,11,Saturday,True,False,
2014-01-12,serie_1,65,2014,1,12,Sunday,True,False,
2014-01-12,serie_2,49,2014,1,12,Sunday,True,False,
2014-01-13,serie_2,66,2014,1,13,Monday,False,False,
2014-01-13,serie_1,68,2014,1,13,Monday,False,False,
2014-01-14,serie_1,66,2014,1,14,Tuesday,False,False,
2014-01-14,serie_1,37,2014,1,14,Tuesday,False,False,
2014-01-15,serie_1,85,2014,1,15,Wednesday,False,False,
2014-01-15,serie_2,87,2014,1,15,Wednesday,False,False,
2014-01-16,serie_2,52,2014,1,16,Thursday,False,False,
2014-01-16,serie_2,55,2014,1,16,Thursday,False,False,
2014-01-17,serie_2,38,2014,1,17,Friday,False,False,
2014-01-17,serie_2,47,2014,1,17,Friday,False,False,
2014-01-18,serie_2,59,2014,1,18,Saturday,True,False,
2014-01-18,serie_1,95,2014,1,18,Saturday,True,False,
2014-01-19,serie_2,34,2014,1,19,Sunday,True,False,
2014-01-19,serie_1,60,2014,1,19,Sunday,True,False,
2014-01-20,serie_1,58,2014,1,20,Monday,False,False,
2014-01-20,serie_2,21,2014,1,20,Monday,False,False,
2014-01-21,serie_1,82,2014,1,21,Tuesday,False,False,
2014-01-21,serie_2,48,2014,1,21,Tuesday,False,False,
2014-01-22,serie_1,93,2014,1,22,Wednesday,False,False,
2014-01-22,serie_2,85,2014,1,22,Wednesday,False,False,
2014-01-23,serie_1,70,2014,1,23,Thursday,False,False,
2014-01-23,serie_2,94,2014,1,23,Thursday,False,False,
2014-01-24,serie_2,96,2014,1,24,Friday,False,False,
2014-01-24,serie_2,29,2014,1,24,Friday,False,False,
2014-01-25,serie_2,33,2014,1,25,Saturday,True,False,
2014-01-25,serie_2,70,2014,1,25,Saturday,True,False,
2014-01-26,serie_1,92,2014,1,26,Sunday,True,False,
2014-01-26,serie_1,58,2014,1,26,Sunday,True,False,
2014-01-27,serie_1,47,2014,1,27,Monday,False,False,
2014-01-27,serie_2,22,2014,1,27,Monday,False,False,
2014-01-28,serie_1,89,2014,1,28,Tuesday,False,False,
2014-01-28,serie_2,46,2014,1,28,Tuesday,False,False,
2014-01-29,serie_2,21,2014,1,29,Wednesday,False,False,
2014-01-29,serie_1,57,2014,1,29,Wednesday,False,False,
2014-01-30,serie_1,22,2014,1,30,Thursday,False,False,
2014-01-30,serie_2,35,2014,1,30,Thursday,False,False,
2014-01-31,serie_1,59,2014,1,31,Friday,False,False,
2014-01-31,serie_2,21,2014,1,31,Friday,False,False,
2014-02-01,serie_2,60,2014,2,1,Saturday,True,False,
2014-02-01,serie_2,31,2014,2,1,Saturday,True,False,
2014-02-02,serie_2,54,2014,2,2,Sunday,True,False,
2014-02-02,serie_2,84,2014,2,2,Sunday,True,False,
2014-02-03,serie_1,74,2014,2,3,Monday,False,False,
2014-02-03,serie_1,64,2014,2,3,Monday,False,False,
2014-02-04,serie_2,98,2014,2,4,Tuesday,False,False,
2014-02-04,serie_2,81,2014,2,4,Tuesday,False,False,
2014-02-05,serie_1,68,2014,2,5,Wednesday,False,False,
2014-02-05,serie_1,44,2014,2,5,Wednesday,False,False,
2014-02-06,serie_2,42,2014,2,6,Thursday,False,False,
2014-02-06,serie_1,43,2014,2,6,Thursday,False,False,
2014-02-07,serie_2,57,2014,2,7,Friday,False,False,
2014-02-07,serie_1,47,2014,2,7,Friday,False,False,
2014-02-08,serie_2,40,2014,2,8,Saturday,True,False,
2014-02-08,serie_1,73,2014,2,8,Saturday,True,False,
2014-02-09,serie_2,37,2014,2,9,Sunday,True,False,
2014-02-09,serie_1,55,2014,2,9,Sunday,True,False,
2014-02-10,serie_1,64,2014,2,10,Monday,False,False,
2014-02-10,serie_2,92,2014,2,10,Monday,False,False,
2014-02-11,serie_1,72,2014,2,11,Tuesday,False,False,
2014-02-11,serie_2,49,2014,2,11,Tuesday,False,False,
2014-02-12,serie_1,79,2014,2,12,Wednesday,False,False,
2014-02-12,serie_2,51,2014,2,12,Wednesday,False,False,
2014-02-13,serie_1,86,2014,2,13,Thursday,False,False,
2014-02-13,serie_2,86,2014,2,13,Thursday,False,False,
2014-02-14,serie_1,47,2014,2,14,Friday,False,False,
2014-02-14,serie_2,63,2014,2,14,Friday,False,False,
2014-02-15,serie_1,98,2014,2,15,Saturday,True,False,
2014-02-15,serie_2,60,2014,2,15,Saturday,True,False,
2014-02-16,serie_2,82,2014,2,16,Sunday,True,False,
2014-02-16,serie_2,42,2014,2,16,Sunday,True,False,
2014-02-17,serie_1,94,2014,2,17,Monday,False,False,
2014-02-17,serie_2,67,2014,2,17,Monday,False,False,
2014-02-18,serie_1,51,2014,2,18,Tuesday,False,False,
2014-02-18,serie_2,76,2014,2,18,Tuesday,False,False,
2014-02-19,serie_1,52,2014,2,19,Wednesday,False,False,
2014-02-19,serie_2,43,2014,2,19,Wednesday,False,False,
2014-02-20,serie_1,58,2014,2,20,Thursday,False,False,
2014-02-20,serie_1,53,2014,2,20,Thursday,False,False,
2014-02-21,serie_2,75,2014,2,21,Friday,False,False,
2014-02-21,serie_1,47,2014,2,21,Friday,False,False,
2014-02-22,serie_1,56,2014,2,22,Saturday,True,False,
2014-02-22,serie_2,26,2014,2,22,Saturday,True,False,
2014-02-23,serie_1,87,2014,2,23,Sunday,True,False,
2014-02-23,serie_1,56,2014,2,23,Sunday,True,False,
2014-02-24,serie_1,75,2014,2,24,Monday,False,False,
2014-02-24,serie_2,84,2014,2,24,Monday,False,False,
2014-02-25,serie_1,84,2014,2,25,Tuesday,False,False,
2014-02-25,serie_2,66,2014,2,25,Tuesday,False,False,
2014-02-26,serie_1,39,2014,2,26,Wednesday,False,False,
2014-02-26,serie_1,38,2014,2,26,Wednesday,False,False,
2014-02-27,serie_1,48,2014,2,27,Thursday,False,False,
2014-02-27,serie_2,93,2014,2,27,Thursday,False,False,
2014-02-28,serie_1,79,2014,2,28,Friday,False,False,
2014-02-28,serie_1,37,2014,2,28,Friday,False,False,
2014-03-01,serie_2,54,2014,3,1,Saturday,True,False,
2014-03-01,serie_1,62,2014,3,1,Saturday,True,False,
2014-03-02,serie_2,30,2014,3,2,Sunday,True,False,
2014-03-02,serie_2,68,2014,3,2,Sunday,True,False,
2014-03-03,serie_1,57,2014,3,3,Monday,False,False,
2014-03-03,serie_2,83,2014,3,3,Monday,False,False,
2014-03-04,serie_1,88,2014,3,4,Tuesday,False,False,
2014-03-04,serie_2,27,2014,3,4,Tuesday,False,False,
2014-03-05,serie_2,53,2014,3,5,Wednesday,False,False,
2014-03-05,serie_1,67,2014,3,5,Wednesday,False,False,
2014-03-06,serie_2,75,2014,3,6,Thursday,False,False,
2014-03-06,serie_2,95,2014,3,6,Thursday,False,False,
2014-03-07,serie_2,84,2014,3,7,Friday,False,False,
2014-03-07,serie_2,50,2014,3,7,Friday,False,False,
2014-03-08,serie_2,23,2014,3,8,Saturday,True,False,
2014-03-08,serie_1,69,2014,3,8,Saturday,True,False,
2014-03-09,serie_2,88,2014,3,9,Sunday,True,False,
2014-03-09,serie_1,49,2014,3,9,Sunday,True,False,
2014-03-10,serie_2,78,2014,3,10,Monday,False,False,
2014-03-10,serie_1,86,2014,3,10,Monday,False,False,
2014-03-11,serie_1,94,2014,3,11,Tuesday,False,False,
2014-03-11,serie_2,64,2014,3,11,Tuesday,False,False,
2014-03-12,serie_2,23,2014,3,12,Wednesday,False,False,
2014-03-12,serie_2,45,2014,3,12,Wednesday,False,False,
2014-03-13,serie_1,46,2014,3,13,Thursday,False,False,
2014-03-13,serie_2,65,2014,3,13,Thursday,False,False,
2014-03-14,serie_1,83,2014,3,14,Friday,False,False,
2014-03-14,serie_1,70,2014,3,14,Friday,False,False,
2014-03-15,serie_1,69,2014,3,15,Saturday,True,False,
2014-03-15,serie_2,25,2014,3,15,Saturday,True,False,
2014-03-16,serie_2,78,2014,3,16,Sunday,True,False,
2014-03-16,serie_1,34,2014,3,16,Sunday,True,False,
2014-03-17,serie_1,49,2014,3,17,Monday,False,False,
2014-03-17,serie_2,61,2014,3,17,Monday,False,False,
2014-03-18,serie_1,56,2014,3,18,Tuesday,False,False,
2014-03-18,serie_2,61,2014,3,18,Tuesday,False,False,
2014-03-19,serie_1,54,2014,3,19,Wednesday,False,False,
2014-03-19,serie_2,25,2014,3,19,Wednesday,False,False,
2014-03-20,serie_1,87,2014,3,20,Thursday,False,False,
2014-03-20,serie_2,37,2014,3,20,Thursday,False,False,
2014-03-21,serie_1,92,2014,3,21,Friday,False,False,
2014-03-21,serie_2,48,2014,3,21,Friday,False,False,
2014-03-22,serie_2,96,2014,3,22,Saturday,True,False,
2014-03-22,serie_1,78,2014,3,22,Saturday,True,False,
2014-03-23,serie_1,66,2014,3,23,Sunday,True,False,
2014-03-23,serie_2,36,2014,3,23,Sunday,True,False,
2014-03-24,serie_1,41,2014,3,24,Monday,False,False,
2014-03-24,serie_2,87,2014,3,24,Monday,False,False,
2014-03-25,serie_1,88,2014,3,25,Tuesday,False,False,
2014-03-25,serie_2,56,2014,3,25,Tuesday,False,False,
2014-03-26,serie_2,68,2014,3,26,Wednesday,False,False,
2014-03-26,serie_2,32,2014,3,26,Wednesday,False,False,
2014-03-27,serie_2,53,2014,3,27,Thursday,False,False,
2014-03-27,serie_2,72,2014,3,27,Thursday,False,False,
2014-03-28,serie_2,70,2014,3,28,Friday,False,False,
2014-03-28,serie_1,22,2014,3,28,Friday,False,False,
2014-03-29,serie_1,61,2014,3,29,Saturday,True,False,
2014-03-29,serie_1,51,2014,3,29,Saturday,True,False,
2014-03-30,serie_2,70,2014,3,30,Sunday,True,False,
2014-03-30,serie_2,65,2014,3,30,Sunday,True,False,
2014-03-31,serie_2,40,2014,3,31,Monday,False,False,
2014-03-31,serie_2,63,2014,3,31,Monday,False,False,
2014-04-01,serie_1,30,2014,4,1,Tuesday,False,False,
2014-04-01,serie_1,87,2014,4,1,Tuesday,False,False,
2014-04-02,serie_2,20,2014,4,2,Wednesday,False,False,
2014-04-02,serie_1,82,2014,4,2,Wednesday,False,False,
2014-04-03,serie_1,43,2014,4,3,Thursday,False,False,
2014-04-03,serie_2,32,2014,4,3,Thursday,False,False,
2014-04-04,serie_1,30,2014,4,4,Friday,False,False,
2014-04-04,serie_2,70,2014,4,4,Friday,False,False,
2014-04-05,serie_1,36,2014,4,5,Saturday,True,False,
2014-04-05,serie_2,43,2014,4,5,Saturday,True,False,
2014-04-06,serie_2,38,2014,4,6,Sunday,True,False,
2014-04-06,serie_2,56,2014,4,6,Sunday,True,False,
2014-04-07,serie_2,27,2014,4,7,Monday,False,False,
2014-04-07,serie_1,47,2014,4,7,Monday,False,False,
2014-04-08,serie_2,24,2014,4,8,Tuesday,False,False,
2014-04-08,serie_2,36,2014,4,8,Tuesday,False,False,
2014-04-09,serie_2,55,2014,4,9,Wednesday,False,False,
2014-04-09,serie_1,38,2014,4,9,Wednesday,False,False,
2014-04-10,serie_2,83,2014,4,10,Thursday,False,False,
2014-04-10,serie_1,30,2014,4,10,Thursday,False,False,
2014-04-11,serie_2,73,2014,4,11,Friday,False,False,
2014-04-11,serie_1,64,2014,4,11,Friday,False,False,
2014-04-12,serie_1,66,2014,4,12,Saturday,True,False,
2014-04-12,serie_2,31,2014,4,12,Saturday,True,False,
2014-04-13,serie_1,40,2014,4,13,Sunday,True,False,
2014-04-13,serie_2,30,2014,4,13,Sunday,True,False,
2014-04-14,serie_2,24,2014,4,14,Monday,False,False,
2014-04-14,serie_2,75,2014,4,14,Monday,False,False,
2014-04-15,serie_1,39,2014,4,15,Tuesday,False,False,
2014-04-15,serie_1,60,2014,4,15,Tuesday,False,False,
2014-04-16,serie_2,65,2014,4,16,Wednesday,False,False,
2014-04-16,serie_2,31,2014,4,16,Wednesday,False,False,
2014-04-17,serie_1,89,2014,4,17,Thursday,False,False,
2014-04-17,serie_2,36,2014,4,17,Thursday,False,False,
2014-04-18,serie_2,38,2014,4,18,Friday,False,False,
2014-04-18,serie_2,45,2014,4,18,Friday,False,False,
2014-04-19,serie_1,67,2014,4,19,Saturday,True,False,
2014-04-19,serie_1,71,2014,4,19,Saturday,True,False,
2014-04-20,serie_1,89,2014,4,20,Sunday,True,False,
2014-04-20,serie_2,74,2014,4,20,Sunday,True,False,
2014-04-21,serie_2,94,2014,4,21,Monday,False,False,
2014-04-21,serie_2,52,2014,4,21,Monday,False,False,
2014-04-22,serie_1,81,2014,4,22,Tuesday,False,False,
2014-04-22,serie_2,42,2014,4,22,Tuesday,False,False,
2014-04-23,serie_2,34,2014,4,23,Wednesday,False,False,
2014-04-23,serie_2,46,2014,4,23,Wednesday,False,False,
2014-04-24,serie_2,94,2014,4,24,Thursday,False,False,
2014-04-24,serie_1,83,2014,4,24,Thursday,False,False,
2014-04-25,serie_1,70,2014,4,25,Friday,False,False,
2014-04-25,serie_2,72,2014,4,25,Friday,False,False,
2014-04-26,serie_1,97,2014,4,26,Saturday,True,False,
2014-04-26,serie_1,70,2014,4,26,Saturday,True,False,
2014-04-27,serie_2,66,2014,4,27,Sunday,True,False,
2014-04-27,serie_2,23,2014,4,27,Sunday,True,False,
2014-04-28,serie_1,26,2014,4,28,Monday,False,False,
2014-04-28,serie_2,54,2014,4,28,Monday,False,False,
2014-04-29,serie_1,67,2014,4,29,Tuesday,False,False,
2014-04-29,serie_2,92,2014,4,29,Tuesday,False,False,
2014-04-30,serie_1,91,2014,4,30,Wednesday,False,False,
2014-04-30,serie_2,64,2014,4,30,Wednesday,False,False,
2014-05-01,serie_1,91,2014,5,1,Thursday,False,False,
2014-05-01,serie_1,38,2014,5,1,Thursday,False,False,
2014-05-02,serie_1,82,2014,5,2,Friday,False,False,
2014-05-02,serie_2,57,2014,5,2,Friday,False,False,
2014-05-03,serie_1,86,2014,5,3,Saturday,True,False,
2014-05-03,serie_1,78,2014,5,3,Saturday,True,False,
2014-05-04,serie_2,88,2014,5,4,Sunday,True,False,
2014-05-04,serie_2,32,2014,5,4,Sunday,True,False,
2014-05-05,serie_1,66,2014,5,5,Monday,False,False,
2014-05-05,serie_1,80,2014,5,5,Monday,False,False,
2014-05-06,serie_2,50,2014,5,6,Tuesday,False,False,
2014-05-06,serie_2,99,2014,5,6,Tuesday,False,False,
2014-05-07,serie_2,41,2014,5,7,Wednesday,False,False,
2014-05-07,serie_2,62,2014,5,7,Wednesday,False,False,
2014-05-08,serie_2,86,2014,5,8,Thursday,False,False,
2014-05-08,serie_1,73,2014,5,8,Thursday,False,False,
2014-05-09,serie_2,29,2014,5,9,Friday,False,False,
2014-05-09,serie_1,61,2014,5,9,Friday,False,False,
2014-05-10,serie_1,83,2014,5,10,Saturday,True,False,
2014-05-10,serie_1,40,2014,5,10,Saturday,True,False,
2014-05-11,serie_2,99,2014,5,11,Sunday,True,False,
2014-05-11,serie_1,95,2014,5,11,Sunday,True,False,
2014-05-12,serie_1,85,2014,5,12,Monday,False,False,
2014-05-12,serie_2,60,2014,5,12,Monday,False,False,
2014-05-13,serie_1,43,2014,5,13,Tuesday,False,False,
2014-05-13,serie_1,54,2014,5,13,Tuesday,False,False,
2014-05-14,serie_2,75,2014,5,14,Wednesday,False,False,
2014-05-14,serie_1,49,2014,5,14,Wednesday,False,False,
2014-05-15,serie_1,76,2014,5,15,Thursday,False,False,
2014-05-15,serie_1,66,2014,5,15,Thursday,False,False,
2014-05-16,serie_2,54,2014,5,16,Friday,False,False,
2014-05-16,serie_2,38,2014,5,16,Friday,False,False,
2014-05-17,serie_2,27,2014,5,17,Saturday,True,False,
2014-05-17,serie_1,45,2014,5,17,Saturday,True,False,
2014-05-18,serie_1,90,2014,5,18,Sunday,True,False,
2014-05-18,serie_2,49,2014,5,18,Sunday,True,False,
2014-05-19,serie_1,26,2014,5,19,Monday,False,False,
2014-05-19,serie_1,86,2014,5,19,Monday,False,False,
2014-05-20,serie_2,84,2014,5,20,Tuesday,False,False,
2014-05-20,serie_2,55,2014,5,20,Tuesday,False,False,
2014-05-21,serie_1,44,2014,5,21,Wednesday,False,False,
2014-05-21,serie_1,56,2014,5,21,Wednesday,False,False,
2014-05-22,serie_1,20,2014,5,22,Thursday,False,False,
2014-05-22,serie_2,34,2014,5,22,Thursday,False,False,
2014-05-23,serie_2,56,2014,5,23,Friday,False,False,
2014-05-23,serie_2,32,2014,5,23,Friday,False,False,
2014-05-24,serie_2,27,2014,5,24,Saturday,True,False,
2014-05-24,serie_1,24,2014,5,24,Saturday,True,False,
2014-05-25,serie_2,79,2014,5,25,Sunday,True,False,
2014-05-25,serie_2,92,2014,5,25,Sunday,True,False,
2014-05-26,serie_2,20,2014,5,26,Monday,False,False,
2014-05-26,serie_2,55,2014,5,26,Monday,False,False,
2014-05-27,serie_2,54,2014,5,27,Tuesday,False,False,
2014-05-27,serie_1,85,2014,5,27,Tuesday,False,False,
2014-05-28,serie_1,82,2014,5,28,Wednesday,False,False,
2014-05-28,serie_2,42,2014,5,28,Wednesday,False,False,
2014-05-29,serie_1,28,2014,5,29,Thursday,False,False,
2014-05-29,serie_2,53,2014,5,29,Thursday,False,False,
2014-05-30,serie_2,65,2014,5,30,Friday,False,False,
2014-05-30,serie_1,97,2014,5,30,Friday,False,False,
2014-05-31,serie_1,23,2014,5,31,Saturday,True,False,
2014-05-31,serie_2,49,2014,5,31,Saturday,True,False,
2014-06-01,serie_2,94,2014,6,1,Sunday,True,False,
2014-06-01,serie_2,91,2014,6,1,Sunday,True,False,
2014-06-02,serie_1,22,2014,6,2,Monday,False,False,
2014-06-02,serie_2,33,2014,6,2,Monday,False,False,
2014-06-03,serie_2,79,2014,6,3,Tuesday,False,False,
2014-06-03,serie_2,96,2014,6,3,Tuesday,False,False,
2014-06-04,serie_1,64,2014,6,4,Wednesday,False,False,
2014-06-04,serie_2,53,2014,6,4,Wednesday,False,False,
2014-06-05,serie_2,64,2014,6,5,Thursday,False,False,
2014-06-05,serie_1,80,2014,6,5,Thursday,False,False,
2014-06-06,serie_2,35,2014,6,6,Friday,False,False,
2014-06-06,serie_2,85,2014,6,6,Friday,False,False,
2014-06-07,serie_1,59,2014,6,7,Saturday,True,False,
2014-06-07,serie_2,36,2014,6,7,Saturday,True,False,
2014-06-08,serie_1,53,2014,6,8,Sunday,True,False,
2014-06-08,serie_1,35,2014,6,8,Sunday,True,False,
2014-06-09,serie_2,79,2014,6,9,Monday,False,False,
2014-06-09,serie_2,85,2014,6,9,Monday,False,False,
2014-06-10,serie_2,85,2014,6,10,Tuesday,False,False,
2014-06-10,serie_2,32,2014,6,10,Tuesday,False,False,
2014-06-11,serie_1,75,2014,6,11,Wednesday,False,False,
2014-06-11,serie_2,50,2014,6,11,Wednesday,False,False,
2014-06-12,serie_1,53,2014,6,12,Thursday,False,False,
2014-06-12,serie_2,58,2014,6,12,Thursday,False,False,
2014-06-13,serie_2,86,2014,6,13,Friday,False,False,
2014-06-13,serie_2,27,2014,6,13,Friday,False,False,
2014-06-14,serie_1,97,2014,6,14,Saturday,True,False,
2014-06-14,serie_2,74,2014,6,14,Saturday,True,False,
2014-06-15,serie_2,46,2014,6,15,Sunday,True,False,
2014-06-15,serie_2,72,2014,6,15,Sunday,True,False,
2014-06-16,serie_2,58,2014,6,16,Monday,False,False,
2014-06-16,serie_1,84,2014,6,16,Monday,False,False,
2014-06-17,serie_2,36,2014,6,17,Tuesday,False,False,
2014-06-17,serie_1,49,2014,6,17,Tuesday,False,False,
2014-06-18,serie_1,72,2014,6,18,Wednesday,False,False,
2014-06-18,serie_1,32,2014,6,18,Wednesday,False,False,
2014-06-19,serie_1,40,2014,6,19,Thursday,False,False,
2014-06-19,serie_1,38,2014,6,19,Thursday,False,False,
2014-06-20,serie_1,72,2014,6,20,Friday,False,False,
2014-06-20,serie_2,38,2014,6,20,Friday,False,False,
2014-06-21,serie_1,76,2014,6,21,Saturday,True,False,
2014-06-21,serie_1,44,2014,6,21,Saturday,True,False,
2014-06-22,serie_1,50,2014,6,22,Sunday,True,False,
2014-06-22,serie_2,74,2014,6,22,Sunday,True,False,
2014-06-23,serie_2,42,2014,6,23,Monday,False,False,
2014-06-23,serie_1,51,2014,6,23,Monday,False,False,
2014-06-24,serie_2,81,2014,6,24,Tuesday,False,False,
2014-06-24,serie_1,93,2014,6,24,Tuesday,False,False,
2014-06-25,serie_1,29,2014,6,25,Wednesday,False,False,
2014-06-25,serie_2,91,2014,6,25,Wednesday,False,False,
2014-06-26,serie_1,73,2014,6,26,Thursday,False,False,
2014-06-26,serie_2,71,2014,6,26,Thursday,False,False,
2014-06-27,serie_2,39,2014,6,27,Friday,False,False,
2014-06-27,serie_1,51,2014,6,27,Friday,False,False,
2014-06-28,serie_1,33,2014,6,28,Saturday,True,False,
2014-06-28,serie_2,69,2014,6,28,Saturday,True,False,
2014-06-29,serie_1,47,2014,6,29,Sunday,True,False,
2014-06-29,serie_1,72,2014,6,29,Sunday,True,False,
2014-06-30,serie_1,43,2014,6,30,Monday,False,False,
2014-06-30,serie_2,98,2014,6,30,Monday,False,False,
2014-07-01,serie_2,41,2014,7,1,Tuesday,False,False,
2014-07-01,serie_1,49,2014,7,1,Tuesday,False,False,
2014-07-02,serie_2,82,2014,7,2,Wednesday,False,False,
2014-07-02,serie_2,23,2014,7,2,Wednesday,False,False,
2014-07-03,serie_2,96,2014,7,3,Thursday,False,False,
2014-07-03,serie_2,78,2014,7,3,Thursday,False,False,
2014-07-04,serie_2,27,2014,7,4,Friday,False,False,
2014-07-04,serie_1,31,2014,7,4,Friday,False,False,
2014-07-05,serie_1,50,2014,7,5,Saturday,True,False,
2014-07-05,serie_1,97,2014,7,5,Saturday,True,False,
2014-07-06,serie_2,53,2014,7,6,Sunday,True,False,
2014-07-06,serie_2,94,2014,7,6,Sunday,True,False,
2014-07-07,serie_1,95,2014,7,7,Monday,False,False,
2014-07-07,serie_2,68,2014,7,7,Monday,False,False,
2014-07-08,serie_1,98,2014,7,8,Tuesday,False,False,
2014-07-08,serie_1,76,2014,7,8,Tuesday,False,False,
2014-07-09,serie_1,45,2014,7,9,Wednesday,False,False,
2014-07-09,serie_2,37,2014,7,9,Wednesday,False,False,
2014-07-10,serie_2,57,2014,7,10,Thursday,False,False,
2014-07-10,serie_1,69,2014,7,10,Thursday,False,False,
2014-07-11,serie_1,27,2014,7,11,Friday,False,False,
2014-07-11,serie_1,60,2014,7,11,Friday,False,False,
2014-07-12,serie_1,25,2014,7,12,Saturday,True,False,
2014-07-12,serie_2,88,2014,7,12,Saturday,True,False,
2014-07-13,serie_2,63,2014,7,13,Sunday,True,False,
2014-07-13,serie_1,83,2014,7,13,Sunday,True,False,
2014-07-14,serie_1,48,2014,7,14,Monday,False,False,
2014-07-14,serie_2,47,2014,7,14,Monday,False,False,
2014-07-15,serie_2,30,2014,7,15,Tuesday,False,False,
2014-07-15,serie_1,84,2014,7,15,Tuesday,False,False,
2014-07-16,serie_1,38,2014,7,16,Wednesday,False,False,
2014-07-16,serie_1,28,2014,7,16,Wednesday,False,False,
2014-07-17,serie_2,46,2014,7,17,Thursday,False,False,
2014-07-17,serie_2,53,2014,7,17,Thursday,False,False,
2014-07-18,serie_2,63,2014,7,18,Friday,False,False,
2014-07-18,serie_1,87,2014,7,18,Friday,False,False,
2014-07-19,serie_1,34,2014,7,19,Saturday,True,False,
2014-07-19,serie_2,70,2014,7,19,Saturday,True,False,
2014-07-20,serie_2,32,2014,7,20,Sunday,True,False,
2014-07-20,serie_1,68,2014,7,20,Sunday,True,False,
2014-07-21,serie_2,89,2014,7,21,Monday,False,False,
2014-07-21,serie_2,75,2014,7,21,Monday,False,False,
2014-07-22,serie_1,95,2014,7,22,Tuesday,False,False,
2014-07-22,serie_2,70,2014,7,22,Tuesday,False,False,
2014-07-23,serie_1,56,2014,7,23,Wednesday,False,False,
2014-07-23,serie_1,36,2014,7,23,Wednesday,False,False,
2014-07-24,serie_1,77,2014,7,24,Thursday,False,False,
2014-07-24,serie_1,48,2014,7,24,Thursday,False,False,
2014-07-25,serie_1,52,2014,7,25,Friday,False,False,
2014-07-25,serie_1,79,2014,7,25,Friday,False,False,
2014-07-26,serie_1,74,2014,7,26,Saturday,True,False,
2014-07-26,serie_2,29,2014,7,26,Saturday,True,False,
2014-07-27,serie_1,66,2014,7,27,Sunday,True,False,
2014-07-27,serie_1,42,2014,7,27,Sunday,True,False,
2014-07-28,serie_2,40,2014,7,28,Monday,False,False,
2014-07-28,serie_2,32,2014,7,28,Monday,False,False,
2014-07-29,serie_2,52,2014,7,29,Tuesday,False,False,
2014-07-29,serie_1,43,2014,7,29,Tuesday,False,False,
2014-07-30,serie_2,30,2014,7,30,Wednesday,False,False,
2014-07-30,serie_1,36,2014,7,30,Wednesday,False,False,
2014-07-31,serie_1,87,2014,7,31,Thursday,False,False,
2014-07-31,serie_1,66,2014,7,31,Thursday,False,False,
2014-08-01,serie_1,44,2014,8,1,Friday,False,False,
2014-08-01,serie_2,92,2014,8,1,Friday,False,False,
2014-08-02,serie_2,40,2014,8,2,Saturday,True,False,
2014-08-02,serie_1,31,2014,8,2,Saturday,True,False,
2014-08-03,serie_1,56,2014,8,3,Sunday,True,False,
2014-08-03,serie_1,61,2014,8,3,Sunday,True,False,
2014-08-04,serie_2,36,2014,8,4,Monday,False,False,
2014-08-04,serie_1,67,2014,8,4,Monday,False,False,
2014-08-05,serie_1,47,2014,8,5,Tuesday,False,False,
2014-08-05,serie_2,60,2014,8,5,Tuesday,False,False,
2014-08-06,serie_2,66,2014,8,6,Wednesday,False,False,
2014-08-06,serie_1,37,2014,8,6,Wednesday,False,False,
2014-08-07,serie_2,97,2014,8,7,Thursday,False,False,
2014-08-07,serie_2,90,2014,8,7,Thursday,False,False,
2014-08-08,serie_1,32,2014,8,8,Friday,False,False,
2014-08-08,serie_2,32,2014,8,8,Friday,False,False,
2014-08-09,serie_1,50,2014,8,9,Saturday,True,False,
2014-08-09,serie_2,21,2014,8,9,Saturday,True,False,
2014-08-10,serie_1,35,2014,8,10,Sunday,True,False,
2014-08-10,serie_1,28,2014,8,10,Sunday,True,False,
2014-08-11,serie_1,92,2014,8,11,Monday,False,False,
2014-08-11,serie_2,57,2014,8,11,Monday,False,False,
2014-08-12,serie_1,94,2014,8,12,Tuesday,False,False,
2014-08-12,serie_2,73,2014,8,12,Tuesday,False,False,
2014-08-13,serie_1,75,2014,8,13,Wednesday,False,False,
2014-08-13,serie_1,64,2014,8,13,Wednesday,False,False,
2014-08-14,serie_2,53,2014,8,14,Thursday,False,False,
2014-08-14,serie_1,28,2014,8,14,Thursday,False,False,
2014-08-15,serie_1,27,2014,8,15,Friday,False,False,
2014-08-15,serie_2,26,2014,8,15,Friday,False,False,
2014-08-16,serie_1,55,2014,8,16,Saturday,True,False,
2014-08-16,serie_1,37,2014,8,16,Saturday,True,False,
2014-08-17,serie_1,22,2014,8,17,Sunday,True,False,
2014-08-17,serie_1,47,2014,8,17,Sunday,True,False,
2014-08-18,serie_2,89,2014,8,18,Monday,False,False,
2014-08-18,serie_2,63,2014,8,18,Monday,False,False,
2014-08-19,serie_1,40,2014,8,19,Tuesday,False,False,
2014-08-19,serie_2,47,2014,8,19,Tuesday,False,False,
2014-08-20,serie_1,73,2014,8,20,Wednesday,False,False,
2014-08-20,serie_2,73,2014,8,20,Wednesday,False,False,
2014-08-21,serie_1,84,2014,8,21,Thursday,False,False,
2014-08-21,serie_1,40,2014,8,21,Thursday,False,False,
2014-08-22,serie_1,32,2014,8,22,Friday,False,False,
2014-08-22,serie_1,76,2014,8,22,Friday,False,False,
2014-08-23,serie_1,68,2014,8,23,Saturday,True,False,
2014-08-23,serie_1,73,2014,8,23,Saturday,True,False,
2014-08-24,serie_2,29,2014,8,24,Sunday,True,False,
2014-08-24,serie_1,72,2014,8,24,Sunday,True,False,
2014-08-25,serie_2,63,2014,8,25,Monday,False,False,
2014-08-25,serie_1,66,2014,8,25,Monday,False,False,
2014-08-26,serie_2,72,2014,8,26,Tuesday,False,False,
2014-08-26,serie_2,93,2014,8,26,Tuesday,False,False,
2014-08-27,serie_2,65,2014,8,27,Wednesday,False,False,
2014-08-27,serie_1,32,2014,8,27,Wednesday,False,False,
2014-08-28,serie_1,56,2014,8,28,Thursday,False,False,
2014-08-28,serie_2,43,2014,8,28,Thursday,False,False,
2014-08-29,serie_1,21,2014,8,29,Friday,False,False,
2014-08-29,serie_2,33,2014,8,29,Friday,False,False,
2014-08-30,serie_1,29,2014,8,30,Saturday,True,False,
2014-08-30,serie_2,54,2014,8,30,Saturday,True,False,
2014-08-31,serie_2,44,2014,8,31,Sunday,True,False,
2014-08-31,serie_1,22,2014,8,31,Sunday,True,False,
2014-09-01,serie_2,36,2014,9,1,Monday,False,False,
2014-09-01,serie_1,31,2014,9,1,Monday,False,False,
2014-09-02,serie_2,73,2014,9,2,Tuesday,False,False,
2014-09-02,serie_2,43,2014,9,2,Tuesday,False,False,
2014-09-03,serie_1,48,2014,9,3,Wednesday,False,False,
2014-09-03,serie_1,62,2014,9,3,Wednesday,False,False,
2014-09-04,serie_1,44,2014,9,4,Thursday,False,False,
2014-09-04,serie_2,79,2014,9,4,Thursday,False,False,
2014-09-05,serie_1,84,2014,9,5,Friday,False,False,
2014-09-05,serie_2,47,2014,9,5,Friday,False,False,
2014-09-06,serie_2,35,2014,9,6,Saturday,True,False,
2014-09-06,serie_1,66,2014,9,6,Saturday,True,False,
2014-09-07,serie_1,77,2014,9,7,Sunday,True,False,
2014-09-07,serie_2,95,2014,9,7,Sunday,True,False,
2014-09-08,serie_2,46,2014,9,8,Monday,False,False,
2014-09-08,serie_1,72,2014,9,8,Monday,False,False,
2014-09-09,serie_1,61,2014,9,9,Tuesday,False,False,
2014-09-09,serie_1,78,2014,9,9,Tuesday,False,False,
2014-09-10,serie_1,66,2014,9,10,Wednesday,False,False,
2014-09-10,serie_1,53,2014,9,10,Wednesday,False,False,
2014-09-11,serie_2,56,2014,9,11,Thursday,False,False,
2014-09-11,serie_2,25,2014,9,11,Thursday,False,False,
2014-09-12,serie_2,26,2014,9,12,Friday,False,False,
2014-09-12,serie_2,44,2014,9,12,Friday,False,False,
2014-09-13,serie_1,52,2014,9,13,Saturday,True,False,
2014-09-13,serie_1,74,2014,9,13,Saturday,True,False,
2014-09-14,serie_1,77,2014,9,14,Sunday,True,False,
2014-09-14,serie_2,26,2014,9,14,Sunday,True,False,
2014-09-15,serie_2,76,2014,9,15,Monday,False,False,
2014-09-15,serie_1,31,2014,9,15,Monday,False,False,
2014-09-16,serie_1,35,2014,9,16,Tuesday,False,False,
2014-09-16,serie_2,99,2014,9,16,Tuesday,False,False,
2014-09-17,serie_2,62,2014,9,17,Wednesday,False,False,
2014-09-17,serie_1,96,2014,9,17,Wednesday,False,False,
2014-09-18,serie_1,26,2014,9,18,Thursday,False,False,
2014-09-18,serie_2,70,2014,9,18,Thursday,False,False,
2014-09-19,serie_1,92,2014,9,19,Friday,False,False,
2014-09-19,serie_1,51,2014,9,19,Friday,False,False,
2014-09-20,serie_1,94,2014,9,20,Saturday,True,False,
2014-09-20,serie_2,27,2014,9,20,Saturday,True,False,
2014-09-21,serie_2,91,2014,9,21,Sunday,True,False,
2014-09-21,serie_2,64,2014,9,21,Sunday,True,False,
2014-09-22,serie_2,78,2014,9,22,Monday,False,False,
2014-09-22,serie_2,23,2014,9,22,Monday,False,False,
2014-09-23,serie_2,86,2014,9,23,Tuesday,False,False,
2014-09-23,serie_2,48,2014,9,23,Tuesday,False,False,
2014-09-24,serie_1,48,2014,9,24,Wednesday,False,False,
2014-09-24,serie_1,47,2014,9,24,Wednesday,False,False,
2014-09-25,serie_1,96,2014,9,25,Thursday,False,False,
2014-09-25,serie_1,98,2014,9,25,Thursday,False,False,
2014-09-26,serie_1,63,2014,9,26,Friday,False,False,
2014-09-26,serie_1,23,2014,9,26,Friday,False,False,
2014-09-27,serie_1,28,2014,9,27,Saturday,True,False,
2014-09-27,serie_2,24,2014,9,27,Saturday,True,False,
2014-09-28,serie_2,75,2014,9,28,Sunday,True,False,
2014-09-28,serie_1,69,2014,9,28,Sunday,True,False,
2014-09-29,serie_1,94,2014,9,29,Monday,False,False,
2014-09-29,serie_2,34,2014,9,29,Monday,False,False,
2014-09-30,serie_1,51,2014,9,30,Tuesday,False,False,
2014-09-30,serie_1,47,2014,9,30,Tuesday,False,False,
2014-10-01,serie_2,41,2014,10,1,Wednesday,False,False,
2014-10-01,serie_1,36,2014,10,1,Wednesday,False,False,
2014-10-02,serie_2,78,2014,10,2,Thursday,False,False,
2014-10-02,serie_1,90,2014,10,2,Thursday,False,False,
2014-10-03,serie_2,76,2014,10,3,Friday,False,False,
2014-10-03,serie_2,45,2014,10,3,Friday,False,False,
2014-10-04,serie_2,44,2014,10,4,Saturday,True,False,
2014-10-04,serie_1,29,2014,10,4,Saturday,True,False,
2014-10-05,serie_2,64,2014,10,5,Sunday,True,False,
2014-10-05,serie_1,30,2014,10,5,Sunday,True,False,
2014-10-06,serie_1,96,2014,10,6,Monday,False,False,
2014-10-06,serie_1,72,2014,10,6,Monday,False,False,
2014-10-07,serie_1,91,2014,10,7,Tuesday,False,False,
2014-10-07,serie_2,87,2014,10,7,Tuesday,False,False,
2014-10-08,serie_2,47,2014,10,8,Wednesday,False,False,
2014-10-08,serie_1,94,2014,10,8,Wednesday,False,False,
2014-10-09,serie_1,84,2014,10,9,Thursday,False,False,
2014-10-09,serie_2,68,2014,10,9,Thursday,False,False,
2014-10-10,serie_1,66,2014,10,10,Friday,False,False,
2014-10-10,serie_2,71,2014,10,10,Friday,False,False,
2014-10-11,serie_1,73,2014,10,11,Saturday,True,False,
2014-10-11,serie_1,79,2014,10,11,Saturday,True,False,
2014-10-12,serie_2,76,2014,10,12,Sunday,True,False,
2014-10-12,serie_1,66,2014,10,12,Sunday,True,False,
2014-10-13,serie_2,50,2014,10,13,Monday,False,False,
2014-10-13,serie_1,65,2014,10,13,Monday,False,False,
2014-10-14,serie_1,45,2014,10,14,Tuesday,False,False,
2014-10-14,serie_1,24,2014,10,14,Tuesday,False,False,
2014-10-15,serie_2,71,2014,10,15,Wednesday,False,False,
2014-10-15,serie_1,94,2014,10,15,Wednesday,False,False,
2014-10-16,serie_1,73,2014,10,16,Thursday,False,False,
2014-10-16,serie_1,52,2014,10,16,Thursday,False,False,
2014-10-17,serie_1,69,2014,10,17,Friday,False,False,
2014-10-17,serie_2,57,2014,10,17,Friday,False,False,
2014-10-18,serie_2,46,2014,10,18,Saturday,True,False,
2014-10-18,serie_1,34,2014,10,18,Saturday,True,False,
2014-10-19,serie_2,80,2014,10,19,Sunday,True,False,
2014-10-19,serie_1,40,2014,10,19,Sunday,True,False,
2014-10-20,serie_1,65,2014,10,20,Monday,False,False,
2014-10-20,serie_1,88,2014,10,20,Monday,False,False,
2014-10-21,serie_2,25,2014,10,21,Tuesday,False,False,
2014-10-21,serie_2,57,2014,10,21,Tuesday,False,False,
2014-10-22,serie_2,81,2014,10,22,Wednesday,False,False,
2014-10-22,serie_2,81,2014,10,22,Wednesday,False,False,
2014-10-23,serie_2,97,2014,10,23,Thursday,False,False,
2014-10-23,serie_2,93,2014,10,23,Thursday,False,False,
2014-10-24,serie_2,65,2014,10,24,Friday,False,False,
2014-10-24,serie_2,32,2014,10,24,Friday,False,False,
2014-10-25,serie_2,22,2014,10,25,Saturday,True,False,
2014-10-25,serie_1,25,2014,10,25,Saturday,True,False,
2014-10-26,serie_2,27,2014,10,26,Sunday,True,False,
2014-10-26,serie_2,63,2014,10,26,Sunday,True,False,
2014-10-27,serie_2,52,2014,10,27,Monday,False,False,
2014-10-27,serie_2,94,2014,10,27,Monday,False,False,
2014-10-28,serie_2,96,2014,10,28,Tuesday,False,False,
2014-10-28,serie_2,69,2014,10,28,Tuesday,False,False,
2014-10-29,serie_2,30,2014,10,29,Wednesday,False,False,
2014-10-29,serie_2,47,2014,10,29,Wednesday,False,False,
2014-10-30,serie_2,89,2014,10,30,Thursday,False,False,
2014-10-30,serie_2,60,2014,10,30,Thursday,False,False,
2014-10-31,serie_2,35,2014,10,31,Friday,False,False,
2014-10-31,serie_1,87,2014,10,31,Friday,False,False,
2014-11-01,serie_1,67,2014,11,1,Saturday,True,False,
2014-11-01,serie_2,75,2014,11,1,Saturday,True,False,
2014-11-02,serie_2,83,2014,11,2,Sunday,True,False,
2014-11-02,serie_1,78,2014,11,2,Sunday,True,False,
2014-11-03,serie_2,81,2014,11,3,Monday,False,False,
2014-11-03,serie_1,95,2014,11,3,Monday,False,False,
2014-11-04,serie_1,30,2014,11,4,Tuesday,False,False,
2014-11-04,serie_1,37,2014,11,4,Tuesday,False,False,
2014-11-05,serie_1,38,2014,11,5,Wednesday,False,False,
2014-11-05,serie_1,74,2014,11,5,Wednesday,False,False,
2014-11-06,serie_2,45,2014,11,6,Thursday,False,False,
2014-11-06,serie_1,25,2014,11,6,Thursday,False,False,
2014-11-07,serie_2,23,2014,11,7,Friday,False,False,
2014-11-07,serie_2,48,2014,11,7,Friday,False,False,
2014-11-08,serie_1,78,2014,11,8,Saturday,True,False,
2014-11-08,serie_1,36,2014,11,8,Saturday,True,False,
2014-11-09,serie_2,62,2014,11,9,Sunday,True,False,
2014-11-09,serie_1,99,2014,11,9,Sunday,True,False,
2014-11-10,serie_1,85,2014,11,10,Monday,False,False,
2014-11-10,serie_2,53,2014,11,10,Monday,False,False,
2014-11-11,serie_2,27,2014,11,11,Tuesday,False,False,
2014-11-11,serie_1,32,2014,11,11,Tuesday,False,False,
2014-11-12,serie_2,27,2014,11,12,Wednesday,False,False,
2014-11-12,serie_1,84,2014,11,12,Wednesday,False,False,
2014-11-13,serie_1,62,2014,11,13,Thursday,False,False,
2014-11-13,serie_1,58,2014,11,13,Thursday,False,False,
2014-11-14,serie_2,78,2014,11,14,Friday,False,False,
2014-11-14,serie_2,63,2014,11,14,Friday,False,False,
2014-11-15,serie_2,28,2014,11,15,Saturday,True,False,
2014-11-15,serie_2,56,2014,11,15,Saturday,True,False,
2014-11-16,serie_2,93,2014,11,16,Sunday,True,False,
2014-11-16,serie_1,55,2014,11,16,Sunday,True,False,
2014-11-17,serie_1,47,2014,11,17,Monday,False,False,
2014-11-17,serie_1,61,2014,11,17,Monday,False,False,
2014-11-18,serie_1,62,2014,11,18,Tuesday,False,False,
2014-11-18,serie_2,61,2014,11,18,Tuesday,False,False,
2014-11-19,serie_1,85,2014,11,19,Wednesday,False,False,
2014-11-19,serie_2,74,2014,11,19,Wednesday,False,False,
2014-11-20,serie_1,91,2014,11,20,Thursday,False,False,
2014-11-20,serie_2,67,2014,11,20,Thursday,False,False,
2014-11-21,serie_2,41,2014,11,21,Friday,False,False,
2014-11-21,serie_1,46,2014,11,21,Friday,False,False,
2014-11-22,serie_1,86,2014,11,22,Saturday,True,False,
2014-11-22,serie_1,32,2014,11,22,Saturday,True,False,
2014-11-23,serie_1,64,2014,11,23,Sunday,True,False,
2014-11-23,serie_2,29,2014,11,23,Sunday,True,False,
2014-11-24,serie_1,28,2014,11,24,Monday,False,False,
2014-11-24,serie_1,73,2014,11,24,Monday,False,False,
2014-11-25,serie_2,46,2014,11,25,Tuesday,False,False,
2014-11-25,serie_1,53,2014,11,25,Tuesday,False,False,
2014-11-26,serie_1,20,2014,11,26,Wednesday,False,False,
2014-11-26,serie_1,51,2014,11,26,Wednesday,False,False,
2014-11-27,serie_1,90,2014,11,27,Thursday,False,False,
2014-11-27,serie_1,86,2014,11,27,Thursday,False,False,
2014-11-28,serie_2,39,2014,11,28,Friday,False,False,
2014-11-28,serie_1,54,2014,11,28,Friday,False,False,
2014-11-29,serie_1,97,2014,11,29,Saturday,True,False,
2014-11-29,serie_1,36,2014,11,29,Saturday,True,False,
2014-11-30,serie_1,37,2014,11,30,Sunday,True,False,
2014-11-30,serie_1,64,2014,11,30,Sunday,True,False,
2014-12-01,serie_2,72,2014,12,1,Monday,False,False,
2014-12-01,serie_1,87,2014,12,1,Monday,False,False,
2014-12-02,serie_2,84,2014,12,2,Tuesday,False,False,
2014-12-02,serie_2,20,2014,12,2,Tuesday,False,False,
2014-12-03,serie_1,77,2014,12,3,Wednesday,False,False,
2014-12-03,serie_1,45,2014,12,3,Wednesday,False,False,
2014-12-04,serie_1,39,2014,12,4,Thursday,False,False,
2014-12-04,serie_1,29,2014,12,4,Thursday,False,False,
2014-12-05,serie_2,78,2014,12,5,Friday,False,False,
2014-12-05,serie_1,94,2014,12,5,Friday,False,False,
2014-12-06,serie_1,60,2014,12,6,Saturday,True,False,
2014-12-06,serie_1,24,2014,12,6,Saturday,True,False,
2014-12-07,serie_1,84,2014,12,7,Sunday,True,False,
2014-12-07,serie_1,36,2014,12,7,Sunday,True,False,
2014-12-08,serie_1,41,2014,12,8,Monday,False,False,
2014-12-08,serie_2,60,2014,12,8,Monday,False,False,
2014-12-09,serie_2,87,2014,12,9,Tuesday,False,False,
2014-12-09,serie_1,88,2014,12,9,Tuesday,False,False,
2014-12-10,serie_1,30,2014,12,10,Wednesday,False,False,
2014-12-10,serie_1,75,2014,12,10,Wednesday,False,False,
2014-12-11,serie_2,70,2014,12,11,Thursday,False,False,
2014-12-11,serie_1,40,2014,12,11,Thursday,False,False,
2014-12-12,serie_2,95,2014,12,12,Friday,False,False,
2014-12-12,serie_1,45,2014,12,12,Friday,False,False,
2014-12-13,serie_1,38,2014,12,13,Saturday,True,False,
2014-12-13,serie_1,79,2014,12,13,Saturday,True,False,
2014-12-14,serie_1,90,2014,12,14,Sunday,True,False,
2014-12-14,serie_2,66,2014,12,14,Sunday,True,False,
2014-12-15,serie_2,90,2014,12,15,Monday,False,False,
2014-12-15,serie_1,45,2014,12,15,Monday,False,False,
2014-12-16,serie_1,59,2014,12,16,Tuesday,False,False,
2014-12-16,serie_2,24,2014,12,16,Tuesday,False,False,
2014-12-17,serie_2,40,2014,12,17,Wednesday,False,False,
2014-12-17,serie_2,97,2014,12,17,Wednesday,False,False,
2014-12-18,serie_2,23,2014,12,18,Thursday,False,False,
2014-12-18,serie_1,42,2014,12,18,Thursday,False,False,
2014-12-19,serie_2,34,2014,12,19,Friday,False,False,
2014-12-19,serie_1,27,2014,12,19,Friday,False,False,
2014-12-20,serie_2,60,2014,12,20,Saturday,True,False,
2014-12-20,serie_2,38,2014,12,20,Saturday,True,False,
2014-12-21,serie_2,65,2014,12,21,Sunday,True,False,
2014-12-21,serie_2,47,2014,12,21,Sunday,True,False,
2014-12-22,serie_2,87,2014,12,22,Monday,False,False,
2014-12-22,serie_1,34,2014,12,22,Monday,False,False,
2014-12-23,serie_1,56,2014,12,23,Tuesday,False,False,
2014-12-23,serie_2,20,2014,12,23,Tuesday,False,False,
2014-12-24,serie_2,86,2014,12,24,Wednesday,False,False,
2014-12-24,serie_1,43,2014,12,24,Wednesday,False,False,
2014-12-25,serie_2,46,2014,12,25,Thursday,False,False,
2014-12-25,serie_2,59,2014,12,25,Thursday,False,False,
2014-12-26,serie_1,82,2014,12,26,Friday,False,False,
2014-12-26,serie_2,80,2014,12,26,Friday,False,False,
2014-12-27,serie_2,55,2014,12,27,Saturday,True,False,
2014-12-27,serie_1,43,2014,12,27,Saturday,True,False,
2014-12-28,serie_1,43,2014,12,28,Sunday,True,False,
2014-12-28,serie_1,23,2014,12,28,Sunday,True,False,
2014-12-29,serie_2,86,2014,12,29,Monday,False,False,
2014-12-29,serie_1,53,2014,12,29,Monday,False,False,
2014-12-30,serie_1,76,2014,12,30,Tuesday,False,False,
2014-12-30,serie_1,68,2014,12,30,Tuesday,False,False,
2014-12-31,serie_1,72,2014,12,31,Wednesday,False,False,
2014-12-31,serie_1,42,2014,12,31,Wednesday,False,False,
2015-01-01,serie_1,88,2015,1,1,Thursday,False,False,
2015-01-01,serie_2,72,2015,1,1,Thursday,False,False,
2015-01-02,serie_2,81,2015,1,2,Friday,False,False,
2015-01-02,serie_1,60,2015,1,2,Friday,False,False,
2015-01-03,serie_1,76,2015,1,3,Saturday,True,False,
2015-01-03,serie_1,79,2015,1,3,Saturday,True,False,
2015-01-04,serie_2,73,2015,1,4,Sunday,True,False,
2015-01-04,serie_2,89,2015,1,4,Sunday,True,False,
2015-01-05,serie_2,76,2015,1,5,Monday,False,False,
2015-01-05,serie_2,29,2015,1,5,Monday,False,False,
2015-01-06,serie_2,59,2015,1,6,Tuesday,False,False,
2015-01-06,serie_2,26,2015,1,6,Tuesday,False,False,
2015-01-07,serie_2,57,2015,1,7,Wednesday,False,False,
2015-01-07,serie_2,80,2015,1,7,Wednesday,False,False,
2015-01-08,serie_2,22,2015,1,8,Thursday,False,False,
2015-01-08,serie_1,70,2015,1,8,Thursday,False,False,
2015-01-09,serie_1,66,2015,1,9,Friday,False,False,
2015-01-09,serie_1,87,2015,1,9,Friday,False,False,
2015-01-10,serie_1,95,2015,1,10,Saturday,True,False,
2015-01-10,serie_2,57,2015,1,10,Saturday,True,False,
2015-01-11,serie_2,55,2015,1,11,Sunday,True,False,
2015-01-11,serie_1,60,2015,1,11,Sunday,True,False,
2015-01-12,serie_2,88,2015,1,12,Monday,False,False,
2015-01-12,serie_1,32,2015,1,12,Monday,False,False,
2015-01-13,serie_2,77,2015,1,13,Tuesday,False,False,
2015-01-13,serie_1,69,2015,1,13,Tuesday,False,False,
2015-01-14,serie_2,49,2015,1,14,Wednesday,False,False,
2015-01-14,serie_2,81,2015,1,14,Wednesday,False,False,
2015-01-15,serie_1,44,2015,1,15,Thursday,False,False,
2015-01-15,serie_2,46,2015,1,15,Thursday,False,False,
2015-01-16,serie_1,70,2015,1,16,Friday,False,False,
2015-01-16,serie_1,97,2015,1,16,Friday,False,False,
2015-01-17,serie_1,76,2015,1,17,Saturday,True,False,
2015-01-17,serie_1,66,2015,1,17,Saturday,True,False,
2015-01-18,serie_2,58,2015,1,18,Sunday,True,False,
2015-01-18,serie_2,35,2015,1,18,Sunday,True,False,
2015-01-19,serie_2,41,2015,1,19,Monday,False,False,
2015-01-19,serie_1,73,2015,1,19,Monday,False,False,
2015-01-20,serie_2,40,2015,1,20,Tuesday,False,False,
2015-01-20,serie_1,91,2015,1,20,Tuesday,False,False,
2015-01-21,serie_2,35,2015,1,21,Wednesday,False,False,
2015-01-21,serie_2,78,2015,1,21,Wednesday,False,False,
2015-01-22,serie_2,50,2015,1,22,Thursday,False,False,
2015-01-22,serie_1,61,2015,1,22,Thursday,False,False,
2015-01-23,serie_2,93,2015,1,23,Friday,False,False,
2015-01-23,serie_2,51,2015,1,23,Friday,False,False,
2015-01-24,serie_1,78,2015,1,24,Saturday,True,False,
2015-01-24,serie_2,53,2015,1,24,Saturday,True,False,
2015-01-25,serie_1,28,2015,1,25,Sunday,True,False,
2015-01-25,serie_2,30,2015,1,25,Sunday,True,False,
2015-01-26,serie_1,29,2015,1,26,Monday,False,False,
2015-01-26,serie_1,36,2015,1,26,Monday,False,False,
2015-01-27,serie_2,87,2015,1,27,Tuesday,False,False,
2015-01-27,serie_1,67,2015,1,27,Tuesday,False,False,
2015-01-28,serie_1,71,2015,1,28,Wednesday,False,False,
2015-01-28,serie_1,44,2015,1,28,Wednesday,False,False,
2015-01-29,serie_1,40,2015,1,29,Thursday,False,False,
2015-01-29,serie_1,84,2015,1,29,Thursday,False,False,
2015-01-30,serie_1,82,2015,1,30,Friday,False,False,
2015-01-30,serie_2,70,2015,1,30,Friday,False,False,
2015-01-31,serie_1,55,2015,1,31,Saturday,True,False,
2015-01-31,serie_1,85,2015,1,31,Saturday,True,False,
2015-02-01,serie_2,34,2015,2,1,Sunday,True,False,
2015-02-01,serie_2,58,2015,2,1,Sunday,True,False,
2015-02-02,serie_2,89,2015,2,2,Monday,False,False,
2015-02-02,serie_2,20,2015,2,2,Monday,False,False,
2015-02-03,serie_2,42,2015,2,3,Tuesday,False,False,
2015-02-03,serie_2,58,2015,2,3,Tuesday,False,False,
2015-02-04,serie_2,76,2015,2,4,Wednesday,False,False,
2015-02-04,serie_1,53,2015,2,4,Wednesday,False,False,
2015-02-05,serie_1,60,2015,2,5,Thursday,False,False,
2015-02-05,serie_2,92,2015,2,5,Thursday,False,False,
2015-02-06,serie_1,32,2015,2,6,Friday,False,False,
2015-02-06,serie_1,89,2015,2,6,Friday,False,False,
2015-02-07,serie_1,25,2015,2,7,Saturday,True,False,
2015-02-07,serie_2,71,2015,2,7,Saturday,True,False,
2015-02-08,serie_2,22,2015,2,8,Sunday,True,False,
2015-02-08,serie_1,82,2015,2,8,Sunday,True,False,
2015-02-09,serie_2,68,2015,2,9,Monday,False,False,
2015-02-09,serie_1,95,2015,2,9,Monday,False,False,
2015-02-10,serie_1,66,2015,2,10,Tuesday,False,False,
2015-02-10,serie_1,74,2015,2,10,Tuesday,False,False,
2015-02-11,serie_1,83,2015,2,11,Wednesday,False,False,
2015-02-11,serie_2,84,2015,2,11,Wednesday,False,False,
2015-02-12,serie_2,86,2015,2,12,Thursday,False,False,
2015-02-12,serie_2,34,2015,2,12,Thursday,False,False,
2015-02-13,serie_1,51,2015,2,13,Friday,False,False,
2015-02-13,serie_2,87,2015,2,13,Friday,False,False,
2015-02-14,serie_1,37,2015,2,14,Saturday,True,False,
2015-02-14,serie_2,62,2015,2,14,Saturday,True,False,
2015-02-15,serie_1,54,2015,2,15,Sunday,True,False,
2015-02-15,serie_1,97,2015,2,15,Sunday,True,False,
2015-02-16,serie_1,77,2015,2,16,Monday,False,False,
2015-02-16,serie_2,52,2015,2,16,Monday,False,False,
2015-02-17,serie_2,33,2015,2,17,Tuesday,False,False,
2015-02-17,serie_2,53,2015,2,17,Tuesday,False,False,
2015-02-18,serie_2,80,2015,2,18,Wednesday,False,False,
2015-02-18,serie_1,23,2015,2,18,Wednesday,False,False,
2015-02-19,serie_2,78,2015,2,19,Thursday,False,False,
2015-02-19,serie_2,48,2015,2,19,Thursday,False,False,
2015-02-20,serie_1,25,2015,2,20,Friday,False,False,
2015-02-20,serie_1,68,2015,2,20,Friday,False,False,
2015-02-21,serie_1,59,2015,2,21,Saturday,True,False,
2015-02-21,serie_2,84,2015,2,21,Saturday,True,False,
2015-02-22,serie_1,88,2015,2,22,Sunday,True,False,
2015-02-22,serie_1,46,2015,2,22,Sunday,True,False,
2015-02-23,serie_1,99,2015,2,23,Monday,False,False,
2015-02-23,serie_2,25,2015,2,23,Monday,False,False,
2015-02-24,serie_1,32,2015,2,24,Tuesday,False,False,
2015-02-24,serie_2,83,2015,2,24,Tuesday,False,False,
2015-02-25,serie_2,81,2015,2,25,Wednesday,False,False,
2015-02-25,serie_1,38,2015,2,25,Wednesday,False,False,
2015-02-26,serie_1,95,2015,2,26,Thursday,False,False,
2015-02-26,serie_2,99,2015,2,26,Thursday,False,False,
2015-02-27,serie_1,62,2015,2,27,Friday,False,False,
2015-02-27,serie_1,93,2015,2,27,Friday,False,False,
2015-02-28,serie_2,39,2015,2,28,Saturday,True,False,
2015-02-28,serie_2,87,2015,2,28,Saturday,True,False,
2015-03-01,serie_1,63,2015,3,1,Sunday,True,False,
2015-03-01,serie_2,42,2015,3,1,Sunday,True,False,
2015-03-02,serie_1,21,2015,3,2,Monday,False,False,
2015-03-02,serie_1,41,2015,3,2,Monday,False,False,
2015-03-03,serie_1,76,2015,3,3,Tuesday,False,False,
2015-03-03,serie_2,91,2015,3,3,Tuesday,False,False,
2015-03-04,serie_1,26,2015,3,4,Wednesday,False,False,
2015-03-04,serie_1,97,2015,3,4,Wednesday,False,False,
2015-03-05,serie_1,75,2015,3,5,Thursday,False,False,
2015-03-05,serie_2,86,2015,3,5,Thursday,False,False,
2015-03-06,serie_2,35,2015,3,6,Friday,False,False,
2015-03-06,serie_2,70,2015,3,6,Friday,False,False,
2015-03-07,serie_2,99,2015,3,7,Saturday,True,False,
2015-03-07,serie_2,91,2015,3,7,Saturday,True,False,
2015-03-08,serie_1,31,2015,3,8,Sunday,True,False,
2015-03-08,serie_2,72,2015,3,8,Sunday,True,False,
2015-03-09,serie_2,94,2015,3,9,Monday,False,False,
2015-03-09,serie_2,24,2015,3,9,Monday,False,False,
2015-03-10,serie_1,46,2015,3,10,Tuesday,False,False,
2015-03-10,serie_2,31,2015,3,10,Tuesday,False,False,
2015-03-11,serie_2,36,2015,3,11,Wednesday,False,False,
2015-03-11,serie_1,25,2015,3,11,Wednesday,False,False,
2015-03-12,serie_2,24,2015,3,12,Thursday,False,False,
2015-03-12,serie_1,76,2015,3,12,Thursday,False,False,
2015-03-13,serie_1,47,2015,3,13,Friday,False,False,
2015-03-13,serie_1,97,2015,3,13,Friday,False,False,
2015-03-14,serie_1,88,2015,3,14,Saturday,True,False,
2015-03-14,serie_1,78,2015,3,14,Saturday,True,False,
2015-03-15,serie_2,52,2015,3,15,Sunday,True,False,
2015-03-15,serie_1,81,2015,3,15,Sunday,True,False,
2015-03-16,serie_1,69,2015,3,16,Monday,False,False,
2015-03-16,serie_2,38,2015,3,16,Monday,False,False,
2015-03-17,serie_1,88,2015,3,17,Tuesday,False,False,
2015-03-17,serie_2,85,2015,3,17,Tuesday,False,False,
2015-03-18,serie_2,66,2015,3,18,Wednesday,False,False,
2015-03-18,serie_2,58,2015,3,18,Wednesday,False,False,
2015-03-19,serie_1,87,2015,3,19,Thursday,False,False,
2015-03-19,serie_1,52,2015,3,19,Thursday,False,False,
2015-03-20,serie_1,32,2015,3,20,Friday,False,False,
2015-03-20,serie_2,73,2015,3,20,Friday,False,False,
2015-03-21,serie_1,26,2015,3,21,Saturday,True,False,
2015-03-21,serie_1,98,2015,3,21,Saturday,True,False,
2015-03-22,serie_1,33,2015,3,22,Sunday,True,False,
2015-03-22,serie_2,38,2015,3,22,Sunday,True,False,
2015-03-23,serie_2,73,2015,3,23,Monday,False,False,
2015-03-23,serie_1,39,2015,3,23,Monday,False,False,
2015-03-24,serie_1,48,2015,3,24,Tuesday,False,False,
2015-03-24,serie_1,43,2015,3,24,Tuesday,False,False,
2015-03-25,serie_1,82,2015,3,25,Wednesday,False,False,
2015-03-25,serie_2,93,2015,3,25,Wednesday,False,False,
2015-03-26,serie_2,76,2015,3,26,Thursday,False,False,
2015-03-26,serie_2,27,2015,3,26,Thursday,False,False,
2015-03-27,serie_2,81,2015,3,27,Friday,False,False,
2015-03-27,serie_1,48,2015,3,27,Friday,False,False,
2015-03-28,serie_1,93,2015,3,28,Saturday,True,False,
2015-03-28,serie_1,36,2015,3,28,Saturday,True,False,
2015-03-29,serie_2,85,2015,3,29,Sunday,True,False,
2015-03-29,serie_1,25,2015,3,29,Sunday,True,False,
2015-03-30,serie_2,77,2015,3,30,Monday,False,False,
2015-03-30,serie_2,88,2015,3,30,Monday,False,False,
2015-03-31,serie_1,47,2015,3,31,Tuesday,False,False,
2015-03-31,serie_1,81,2015,3,31,Tuesday,False,False,
2015-04-01,serie_1,60,2015,4,1,Wednesday,False,False,
2015-04-01,serie_2,88,2015,4,1,Wednesday,False,False,
2015-04-02,serie_1,60,2015,4,2,Thursday,False,False,
2015-04-02,serie_2,68,2015,4,2,Thursday,False,False,
2015-04-03,serie_1,68,2015,4,3,Friday,False,False,
2015-04-03,serie_2,95,2015,4,3,Friday,False,False,
2015-04-04,serie_2,90,2015,4,4,Saturday,True,False,
2015-04-04,serie_1,22,2015,4,4,Saturday,True,False,
2015-04-05,serie_2,29,2015,4,5,Sunday,True,False,
2015-04-05,serie_2,54,2015,4,5,Sunday,True,False,
2015-04-06,serie_1,99,2015,4,6,Monday,False,False,
2015-04-06,serie_2,21,2015,4,6,Monday,False,False,
2015-04-07,serie_1,43,2015,4,7,Tuesday,False,False,
2015-04-07,serie_2,93,2015,4,7,Tuesday,False,False,
2015-04-08,serie_1,57,2015,4,8,Wednesday,False,False,
2015-04-08,serie_1,41,2015,4,8,Wednesday,False,False,
2015-04-09,serie_2,45,2015,4,9,Thursday,False,False,
2015-04-09,serie_2,62,2015,4,9,Thursday,False,False,
2015-04-10,serie_2,74,2015,4,10,Friday,False,False,
2015-04-10,serie_2,58,2015,4,10,Friday,False,False,
2015-04-11,serie_2,48,2015,4,11,Saturday,True,False,
2015-04-11,serie_1,39,2015,4,11,Saturday,True,False,
2015-04-12,serie_2,60,2015,4,12,Sunday,True,False,
2015-04-12,serie_1,73,2015,4,12,Sunday,True,False,
2015-04-13,serie_1,39,2015,4,13,Monday,False,False,
2015-04-13,serie_2,38,2015,4,13,Monday,False,False,
2015-04-14,serie_1,85,2015,4,14,Tuesday,False,False,
2015-04-14,serie_1,49,2015,4,14,Tuesday,False,False,
2015-04-15,serie_1,72,2015,4,15,Wednesday,False,False,
2015-04-15,serie_1,53,2015,4,15,Wednesday,False,False,
2015-04-16,serie_2,41,2015,4,16,Thursday,False,False,
2015-04-16,serie_1,86,2015,4,16,Thursday,False,False,
2015-04-17,serie_2,25,2015,4,17,Friday,False,False,
2015-04-17,serie_2,98,2015,4,17,Friday,False,False,
2015-04-18,serie_1,46,2015,4,18,Saturday,True,False,
2015-04-18,serie_2,29,2015,4,18,Saturday,True,False,
2015-04-19,serie_2,92,2015,4,19,Sunday,True,False,
2015-04-19,serie_2,67,2015,4,19,Sunday,True,False,
2015-04-20,serie_1,89,2015,4,20,Monday,False,False,
2015-04-20,serie_2,78,2015,4,20,Monday,False,False,
2015-04-21,serie_2,78,2015,4,21,Tuesday,False,False,
2015-04-21,serie_2,21,2015,4,21,Tuesday,False,False,
2015-04-22,serie_1,48,2015,4,22,Wednesday,False,False,
2015-04-22,serie_2,87,2015,4,22,Wednesday,False,False,
2015-04-23,serie_1,84,2015,4,23,Thursday,False,False,
2015-04-23,serie_1,45,2015,4,23,Thursday,False,False,
2015-04-24,serie_1,29,2015,4,24,Friday,False,False,
2015-04-24,serie_1,72,2015,4,24,Friday,False,False,
2015-04-25,serie_1,98,2015,4,25,Saturday,True,False,
2015-04-25,serie_1,78,2015,4,25,Saturday,True,False,
2015-04-26,serie_2,41,2015,4,26,Sunday,True,False,
2015-04-26,serie_1,70,2015,4,26,Sunday,True,False,
2015-04-27,serie_2,67,2015,4,27,Monday,False,False,
2015-04-27,serie_2,40,2015,4,27,Monday,False,False,
2015-04-28,serie_1,41,2015,4,28,Tuesday,False,False,
2015-04-28,serie_2,49,2015,4,28,Tuesday,False,False,
2015-04-29,serie_2,44,2015,4,29,Wednesday,False,False,
2015-04-29,serie_2,47,2015,4,29,Wednesday,False,False,
2015-04-30,serie_2,84,2015,4,30,Thursday,False,False,
2015-04-30,serie_1,64,2015,4,30,Thursday,False,False,
2015-05-01,serie_2,87,2015,5,1,Friday,False,False,
2015-05-01,serie_1,26,2015,5,1,Friday,False,False,
2015-05-02,serie_2,68,2015,5,2,Saturday,True,False,
2015-05-02,serie_2,28,2015,5,2,Saturday,True,False,
2015-05-03,serie_1,55,2015,5,3,Sunday,True,False,
2015-05-03,serie_2,20,2015,5,3,Sunday,True,False,
2015-05-04,serie_2,29,2015,5,4,Monday,False,False,
2015-05-04,serie_2,55,2015,5,4,Monday,False,False,
2015-05-05,serie_1,92,2015,5,5,Tuesday,False,False,
2015-05-05,serie_2,65,2015,5,5,Tuesday,False,False,
2015-05-06,serie_1,51,2015,5,6,Wednesday,False,False,
2015-05-06,serie_2,51,2015,5,6,Wednesday,False,False,
2015-05-07,serie_1,25,2015,5,7,Thursday,False,False,
2015-05-07,serie_1,67,2015,5,7,Thursday,False,False,
2015-05-08,serie_2,57,2015,5,8,Friday,False,False,
2015-05-08,serie_2,36,2015,5,8,Friday,False,False,
2015-05-09,serie_1,93,2015,5,9,Saturday,True,False,
2015-05-09,serie_1,46,2015,5,9,Saturday,True,False,
2015-05-10,serie_2,73,2015,5,10,Sunday,True,False,
2015-05-10,serie_1,69,2015,5,10,Sunday,True,False,
2015-05-11,serie_2,54,2015,5,11,Monday,False,False,
2015-05-11,serie_2,44,2015,5,11,Monday,False,False,
2015-05-12,serie_2,47,2015,5,12,Tuesday,False,False,
2015-05-12,serie_2,34,2015,5,12,Tuesday,False,False,
2015-05-13,serie_1,23,2015,5,13,Wednesday,False,False,
2015-05-13,serie_2,92,2015,5,13,Wednesday,False,False,
2015-05-14,serie_1,46,2015,5,14,Thursday,False,False,
2015-05-14,serie_2,45,2015,5,14,Thursday,False,False,
2015-05-15,serie_1,38,2015,5,15,Friday,False,False,
2015-05-15,serie_2,36,2015,5,15,Friday,False,False,
2015-05-16,serie_1,62,2015,5,16,Saturday,True,False,
2015-05-16,serie_1,60,2015,5,16,Saturday,True,False,
2015-05-17,serie_2,61,2015,5,17,Sunday,True,False,
2015-05-17,serie_2,69,2015,5,17,Sunday,True,False,
2015-05-18,serie_2,59,2015,5,18,Monday,False,False,
2015-05-18,serie_2,58,2015,5,18,Monday,False,False,
2015-05-19,serie_1,42,2015,5,19,Tuesday,False,False,
2015-05-19,serie_2,71,2015,5,19,Tuesday,False,False,
2015-05-20,serie_1,66,2015,5,20,Wednesday,False,False,
2015-05-20,serie_1,82,2015,5,20,Wednesday,False,False,
2015-05-21,serie_2,88,2015,5,21,Thursday,False,False,
2015-05-21,serie_1,62,2015,5,21,Thursday,False,False,
2015-05-22,serie_1,67,2015,5,22,Friday,False,False,
2015-05-22,serie_1,53,2015,5,22,Friday,False,False,
2015-05-23,serie_1,59,2015,5,23,Saturday,True,False,
2015-05-23,serie_2,94,2015,5,23,Saturday,True,False,
2015-05-24,serie_2,80,2015,5,24,Sunday,True,False,
2015-05-24,serie_2,69,2015,5,24,Sunday,True,False,
2015-05-25,serie_2,86,2015,5,25,Monday,False,False,
2015-05-25,serie_1,81,2015,5,25,Monday,False,False,
2015-05-26,serie_1,77,2015,5,26,Tuesday,False,False,
2015-05-26,serie_2,52,2015,5,26,Tuesday,False,False,
2015-05-27,serie_2,94,2015,5,27,Wednesday,False,False,
2015-05-27,serie_2,35,2015,5,27,Wednesday,False,False,
2015-05-28,serie_1,67,2015,5,28,Thursday,False,False,
2015-05-28,serie_2,29,2015,5,28,Thursday,False,False,
2015-05-29,serie_2,57,2015,5,29,Friday,False,False,
2015-05-29,serie_2,38,2015,5,29,Friday,False,False,
2015-05-30,serie_1,55,2015,5,30,Saturday,True,False,
2015-05-30,serie_1,78,2015,5,30,Saturday,True,False,
2015-05-31,serie_1,82,2015,5,31,Sunday,True,False,
2015-05-31,serie_1,96,2015,5,31,Sunday,True,False,
2015-06-01,serie_1,65,2015,6,1,Monday,False,False,
2015-06-01,serie_1,22,2015,6,1,Monday,False,False,
2015-06-02,serie_1,93,2015,6,2,Tuesday,False,False,
2015-06-02,serie_1,84,2015,6,2,Tuesday,False,False,
2015-06-03,serie_2,27,2015,6,3,Wednesday,False,False,
2015-06-03,serie_2,70,2015,6,3,Wednesday,False,False,
2015-06-04,serie_1,92,2015,6,4,Thursday,False,False,
2015-06-04,serie_1,25,2015,6,4,Thursday,False,False,
2015-06-05,serie_2,58,2015,6,5,Friday,False,False,
2015-06-05,serie_1,79,2015,6,5,Friday,False,False,
2015-06-06,serie_1,47,2015,6,6,Saturday,True,False,
2015-06-06,serie_1,73,2015,6,6,Saturday,True,False,
2015-06-07,serie_2,56,2015,6,7,Sunday,True,False,
2015-06-07,serie_2,28,2015,6,7,Sunday,True,False,
2015-06-08,serie_2,75,2015,6,8,Monday,False,False,
2015-06-08,serie_2,78,2015,6,8,Monday,False,False,
2015-06-09,serie_2,21,2015,6,9,Tuesday,False,False,
2015-06-09,serie_1,80,2015,6,9,Tuesday,False,False,
2015-06-10,serie_2,77,2015,6,10,Wednesday,False,False,
2015-06-10,serie_1,79,2015,6,10,Wednesday,False,False,
2015-06-11,serie_1,59,2015,6,11,Thursday,False,False,
2015-06-11,serie_2,55,2015,6,11,Thursday,False,False,
2015-06-12,serie_2,56,2015,6,12,Friday,False,False,
2015-06-12,serie_1,98,2015,6,12,Friday,False,False,
2015-06-13,serie_1,37,2015,6,13,Saturday,True,False,
2015-06-13,serie_1,82,2015,6,13,Saturday,True,False,
2015-06-14,serie_2,41,2015,6,14,Sunday,True,False,
2015-06-14,serie_2,30,2015,6,14,Sunday,True,False,
2015-06-15,serie_2,77,2015,6,15,Monday,False,False,
2015-06-15,serie_2,76,2015,6,15,Monday,False,False,
2015-06-16,serie_2,96,2015,6,16,Tuesday,False,False,
2015-06-16,serie_1,23,2015,6,16,Tuesday,False,False,
2015-06-17,serie_2,26,2015,6,17,Wednesday,False,False,
2015-06-17,serie_1,80,2015,6,17,Wednesday,False,False,
2015-06-18,serie_1,73,2015,6,18,Thursday,False,False,
2015-06-18,serie_1,87,2015,6,18,Thursday,False,False,
2015-06-19,serie_2,98,2015,6,19,Friday,False,False,
2015-06-19,serie_2,20,2015,6,19,Friday,False,False,
2015-06-20,serie_2,74,2015,6,20,Saturday,True,False,
2015-06-20,serie_1,22,2015,6,20,Saturday,True,False,
2015-06-21,serie_1,97,2015,6,21,Sunday,True,False,
2015-06-21,serie_1,57,2015,6,21,Sunday,True,False,
2015-06-22,serie_1,20,2015,6,22,Monday,False,False,
2015-06-22,serie_1,57,2015,6,22,Monday,False,False,
2015-06-23,serie_1,48,2015,6,23,Tuesday,False,False,
2015-06-23,serie_2,24,2015,6,23,Tuesday,False,False,
2015-06-24,serie_2,93,2015,6,24,Wednesday,False,False,
2015-06-24,serie_2,40,2015,6,24,Wednesday,False,False,
2015-06-25,serie_2,90,2015,6,25,Thursday,False,False,
2015-06-25,serie_1,86,2015,6,25,Thursday,False,False,
2015-06-26,serie_1,66,2015,6,26,Friday,False,False,
2015-06-26,serie_2,54,2015,6,26,Friday,False,False,
2015-06-27,serie_1,87,2015,6,27,Saturday,True,False,
2015-06-27,serie_2,88,2015,6,27,Saturday,True,False,
2015-06-28,serie_2,20,2015,6,28,Sunday,True,False,
2015-06-28,serie_2,87,2015,6,28,Sunday,True,False,
2015-06-29,serie_1,31,2015,6,29,Monday,False,False,
2015-06-29,serie_2,79,2015,6,29,Monday,False,False,
2015-06-30,serie_2,46,2015,6,30,Tuesday,False,False,
2015-06-30,serie_2,75,2015,6,30,Tuesday,False,False,
2015-07-01,serie_1,42,2015,7,1,Wednesday,False,False,
2015-07-01,serie_1,44,2015,7,1,Wednesday,False,False,
2015-07-02,serie_2,40,2015,7,2,Thursday,False,False,
2015-07-02,serie_1,80,2015,7,2,Thursday,False,False,
2015-07-03,serie_1,82,2015,7,3,Friday,False,False,
2015-07-03,serie_1,71,2015,7,3,Friday,False,False,
2015-07-04,serie_1,44,2015,7,4,Saturday,True,False,
2015-07-04,serie_1,74,2015,7,4,Saturday,True,False,
2015-07-05,serie_1,65,2015,7,5,Sunday,True,False,
2015-07-05,serie_1,51,2015,7,5,Sunday,True,False,
2015-07-06,serie_1,74,2015,7,6,Monday,False,False,
2015-07-06,serie_1,24,2015,7,6,Monday,False,False,
2015-07-07,serie_1,55,2015,7,7,Tuesday,False,False,
2015-07-07,serie_2,68,2015,7,7,Tuesday,False,False,
2015-07-08,serie_2,77,2015,7,8,Wednesday,False,False,
2015-07-08,serie_1,58,2015,7,8,Wednesday,False,False,
2015-07-09,serie_2,99,2015,7,9,Thursday,False,False,
2015-07-09,serie_2,80,2015,7,9,Thursday,False,False,
2015-07-10,serie_1,28,2015,7,10,Friday,False,False,
2015-07-10,serie_1,25,2015,7,10,Friday,False,False,
2015-07-11,serie_1,54,2015,7,11,Saturday,True,False,
2015-07-11,serie_2,58,2015,7,11,Saturday,True,False,
2015-07-12,serie_2,41,2015,7,12,Sunday,True,False,
2015-07-12,serie_1,60,2015,7,12,Sunday,True,False,
2015-07-13,serie_1,24,2015,7,13,Monday,False,False,
2015-07-13,serie_1,61,2015,7,13,Monday,False,False,
2015-07-14,serie_2,95,2015,7,14,Tuesday,False,False,
2015-07-14,serie_2,99,2015,7,14,Tuesday,False,False,
2015-07-15,serie_2,86,2015,7,15,Wednesday,False,False,
2015-07-15,serie_2,49,2015,7,15,Wednesday,False,False,
2015-07-16,serie_1,76,2015,7,16,Thursday,False,False,
2015-07-16,serie_1,92,2015,7,16,Thursday,False,False,
2015-07-17,serie_1,48,2015,7,17,Friday,False,False,
2015-07-17,serie_1,56,2015,7,17,Friday,False,False,
2015-07-18,serie_2,32,2015,7,18,Saturday,True,False,
2015-07-18,serie_2,51,2015,7,18,Saturday,True,False,
2015-07-19,serie_1,65,2015,7,19,Sunday,True,False,
2015-07-19,serie_1,42,2015,7,19,Sunday,True,False,
2015-07-20,serie_2,64,2015,7,20,Monday,False,False,
2015-07-20,serie_1,36,2015,7,20,Monday,False,False,
2015-07-21,serie_2,85,2015,7,21,Tuesday,False,False,
2015-07-21,serie_1,25,2015,7,21,Tuesday,False,False,
2015-07-22,serie_1,37,2015,7,22,Wednesday,False,False,
2015-07-22,serie_1,41,2015,7,22,Wednesday,False,False,
2015-07-23,serie_1,52,2015,7,23,Thursday,False,False,
2015-07-23,serie_1,49,2015,7,23,Thursday,False,False,
2015-07-24,serie_1,51,2015,7,24,Friday,False,False,
2015-07-24,serie_1,61,2015,7,24,Friday,False,False,
2015-07-25,serie_2,97,2015,7,25,Saturday,True,False,
2015-07-25,serie_2,29,2015,7,25,Saturday,True,False,
2015-07-26,serie_2,55,2015,7,26,Sunday,True,False,
2015-07-26,serie_2,53,2015,7,26,Sunday,True,False,
2015-07-27,serie_2,92,2015,7,27,Monday,False,False,
2015-07-27,serie_1,47,2015,7,27,Monday,False,False,
2015-07-28,serie_1,30,2015,7,28,Tuesday,False,False,
2015-07-28,serie_2,97,2015,7,28,Tuesday,False,False,
2015-07-29,serie_1,58,2015,7,29,Wednesday,False,False,
2015-07-29,serie_2,66,2015,7,29,Wednesday,False,False,
2015-07-30,serie_2,38,2015,7,30,Thursday,False,False,
2015-07-30,serie_1,34,2015,7,30,Thursday,False,False,
2015-07-31,serie_1,47,2015,7,31,Friday,False,False,
2015-07-31,serie_1,43,2015,7,31,Friday,False,False,
2015-08-01,serie_2,91,2015,8,1,Saturday,True,False,
2015-08-01,serie_1,28,2015,8,1,Saturday,True,False,
2015-08-02,serie_2,66,2015,8,2,Sunday,True,False,
2015-08-02,serie_2,52,2015,8,2,Sunday,True,False,
2015-08-03,serie_2,81,2015,8,3,Monday,False,False,
2015-08-03,serie_1,38,2015,8,3,Monday,False,False,
2015-08-04,serie_1,86,2015,8,4,Tuesday,False,False,
2015-08-04,serie_2,93,2015,8,4,Tuesday,False,False,
2015-08-05,serie_1,59,2015,8,5,Wednesday,False,False,
2015-08-05,serie_1,66,2015,8,5,Wednesday,False,False,
2015-08-06,serie_1,84,2015,8,6,Thursday,False,False,
2015-08-06,serie_2,48,2015,8,6,Thursday,False,False,
2015-08-07,serie_2,69,2015,8,7,Friday,False,False,
2015-08-07,serie_1,32,2015,8,7,Friday,False,False,
2015-08-08,serie_2,20,2015,8,8,Saturday,True,False,
2015-08-08,serie_1,53,2015,8,8,Saturday,True,False,
2015-08-09,serie_1,67,2015,8,9,Sunday,True,False,
2015-08-09,serie_1,96,2015,8,9,Sunday,True,False,
2015-08-10,serie_1,67,2015,8,10,Monday,False,False,
2015-08-10,serie_2,68,2015,8,10,Monday,False,False,
2015-08-11,serie_2,83,2015,8,11,Tuesday,False,False,
2015-08-11,serie_2,80,2015,8,11,Tuesday,False,False,
2015-08-12,serie_1,48,2015,8,12,Wednesday,False,False,
2015-08-12,serie_1,58,2015,8,12,Wednesday,False,False,
2015-08-13,serie_1,45,2015,8,13,Thursday,False,False,
2015-08-13,serie_2,36,2015,8,13,Thursday,False,False,
2015-08-14,serie_1,90,2015,8,14,Friday,False,False,
2015-08-14,serie_2,32,2015,8,14,Friday,False,False,
2015-08-15,serie_2,88,2015,8,15,Saturday,True,False,
2015-08-15,serie_2,45,2015,8,15,Saturday,True,False,
2015-08-16,serie_2,68,2015,8,16,Sunday,True,False,
2015-08-16,serie_2,86,2015,8,16,Sunday,True,False,
2015-08-17,serie_2,26,2015,8,17,Monday,False,False,
2015-08-17,serie_1,77,2015,8,17,Monday,False,False,
2015-08-18,serie_1,68,2015,8,18,Tuesday,False,False,
2015-08-18,serie_2,72,2015,8,18,Tuesday,False,False,
2015-08-19,serie_2,84,2015,8,19,Wednesday,False,False,
2015-08-19,serie_1,81,2015,8,19,Wednesday,False,False,
2015-08-20,serie_2,36,2015,8,20,Thursday,False,False,
2015-08-20,serie_2,62,2015,8,20,Thursday,False,False,
2015-08-21,serie_1,44,2015,8,21,Friday,False,False,
2015-08-21,serie_2,22,2015,8,21,Friday,False,False,
2015-08-22,serie_2,98,2015,8,22,Saturday,True,False,
2015-08-22,serie_2,48,2015,8,22,Saturday,True,False,
2015-08-23,serie_1,51,2015,8,23,Sunday,True,False,
2015-08-23,serie_1,45,2015,8,23,Sunday,True,False,
2015-08-24,serie_1,35,2015,8,24,Monday,False,False,
2015-08-24,serie_2,44,2015,8,24,Monday,False,False,
2015-08-25,serie_2,73,2015,8,25,Tuesday,False,False,
2015-08-25,serie_1,47,2015,8,25,Tuesday,False,False,
2015-08-26,serie_2,92,2015,8,26,Wednesday,False,False,
2015-08-26,serie_2,75,2015,8,26,Wednesday,False,False,
2015-08-27,serie_2,84,2015,8,27,Thursday,False,False,
2015-08-27,serie_2,99,2015,8,27,Thursday,False,False,
2015-08-28,serie_2,60,2015,8,28,Friday,False,False,
2015-08-28,serie_1,70,2015,8,28,Friday,False,False,
2015-08-29,serie_2,90,2015,8,29,Saturday,True,False,
2015-08-29,serie_1,97,2015,8,29,Saturday,True,False,
2015-08-30,serie_2,48,2015,8,30,Sunday,True,False,
2015-08-30,serie_1,38,2015,8,30,Sunday,True,False,
2015-08-31,serie_2,85,2015,8,31,Monday,False,False,
2015-08-31,serie_1,60,2015,8,31,Monday,False,False,
2015-09-01,serie_2,64,2015,9,1,Tuesday,False,False,
2015-09-01,serie_1,34,2015,9,1,Tuesday,False,False,
2015-09-02,serie_2,22,2015,9,2,Wednesday,False,False,
2015-09-02,serie_1,30,2015,9,2,Wednesday,False,False,
2015-09-03,serie_2,72,2015,9,3,Thursday,False,False,
2015-09-03,serie_1,65,2015,9,3,Thursday,False,False,
2015-09-04,serie_1,49,2015,9,4,Friday,False,False,
2015-09-04,serie_2,76,2015,9,4,Friday,False,False,
2015-09-05,serie_2,37,2015,9,5,Saturday,True,False,
2015-09-05,serie_1,70,2015,9,5,Saturday,True,False,
2015-09-06,serie_2,67,2015,9,6,Sunday,True,False,
2015-09-06,serie_1,85,2015,9,6,Sunday,True,False,
2015-09-07,serie_1,27,2015,9,7,Monday,False,False,
2015-09-07,serie_1,41,2015,9,7,Monday,False,False,
2015-09-08,serie_2,25,2015,9,8,Tuesday,False,False,
2015-09-08,serie_1,95,2015,9,8,Tuesday,False,False,
2015-09-09,serie_1,76,2015,9,9,Wednesday,False,False,
2015-09-09,serie_2,55,2015,9,9,Wednesday,False,False,
2015-09-10,serie_2,98,2015,9,10,Thursday,False,False,
2015-09-10,serie_2,76,2015,9,10,Thursday,False,False,
2015-09-11,serie_2,68,2015,9,11,Friday,False,False,
2015-09-11,serie_1,64,2015,9,11,Friday,False,False,
2015-09-12,serie_1,85,2015,9,12,Saturday,True,False,
2015-09-12,serie_1,96,2015,9,12,Saturday,True,False,
2015-09-13,serie_1,64,2015,9,13,Sunday,True,False,
2015-09-13,serie_2,98,2015,9,13,Sunday,True,False,
2015-09-14,serie_1,39,2015,9,14,Monday,False,False,
2015-09-14,serie_1,83,2015,9,14,Monday,False,False,
2015-09-15,serie_2,86,2015,9,15,Tuesday,False,False,
2015-09-15,serie_1,22,2015,9,15,Tuesday,False,False,
2015-09-16,serie_1,73,2015,9,16,Wednesday,False,False,
2015-09-16,serie_1,97,2015,9,16,Wednesday,False,False,
2015-09-17,serie_1,83,2015,9,17,Thursday,False,False,
2015-09-17,serie_1,59,2015,9,17,Thursday,False,False,
2015-09-18,serie_1,78,2015,9,18,Friday,False,False,
2015-09-18,serie_2,74,2015,9,18,Friday,False,False,
2015-09-19,serie_2,81,2015,9,19,Saturday,True,False,
2015-09-19,serie_1,23,2015,9,19,Saturday,True,False,
2015-09-20,serie_1,79,2015,9,20,Sunday,True,False,
2015-09-20,serie_2,94,2015,9,20,Sunday,True,False,
2015-09-21,serie_1,49,2015,9,21,Monday,False,False,
2015-09-21,serie_1,21,2015,9,21,Monday,False,False,
2015-09-22,serie_1,81,2015,9,22,Tuesday,False,False,
2015-09-22,serie_2,68,2015,9,22,Tuesday,False,False,
2015-09-23,serie_1,28,2015,9,23,Wednesday,False,False,
2015-09-23,serie_2,50,2015,9,23,Wednesday,False,False,
2015-09-24,serie_1,80,2015,9,24,Thursday,False,False,
2015-09-24,serie_2,98,2015,9,24,Thursday,False,False,
2015-09-25,serie_2,67,2015,9,25,Friday,False,False,
2015-09-25,serie_1,44,2015,9,25,Friday,False,False,
2015-09-26,serie_2,55,2015,9,26,Saturday,True,False,
2015-09-26,serie_1,27,2015,9,26,Saturday,True,False,
2015-09-27,serie_2,92,2015,9,27,Sunday,True,False,
2015-09-27,serie_1,77,2015,9,27,Sunday,True,False,
2015-09-28,serie_1,64,2015,9,28,Monday,False,False,
2015-09-28,serie_2,81,2015,9,28,Monday,False,False,
2015-09-29,serie_1,58,2015,9,29,Tuesday,False,False,
2015-09-29,serie_1,77,2015,9,29,Tuesday,False,False,
2015-09-30,serie_2,83,2015,9,30,Wednesday,False,False,
2015-09-30,serie_1,63,2015,9,30,Wednesday,False,False,
2015-10-01,serie_1,48,2015,10,1,Thursday,False,False,
2015-10-01,serie_2,78,2015,10,1,Thursday,False,False,
2015-10-02,serie_2,90,2015,10,2,Friday,False,False,
2015-10-02,serie_1,28,2015,10,2,Friday,False,False,
2015-10-03,serie_1,25,2015,10,3,Saturday,True,False,
2015-10-03,serie_2,48,2015,10,3,Saturday,True,False,
2015-10-04,serie_2,77,2015,10,4,Sunday,True,False,
2015-10-04,serie_1,36,2015,10,4,Sunday,True,False,
2015-10-05,serie_2,35,2015,10,5,Monday,False,False,
2015-10-05,serie_1,22,2015,10,5,Monday,False,False,
2015-10-06,serie_1,40,2015,10,6,Tuesday,False,False,
2015-10-06,serie_1,83,2015,10,6,Tuesday,False,False,
2015-10-07,serie_1,55,2015,10,7,Wednesday,False,False,
2015-10-07,serie_1,81,2015,10,7,Wednesday,False,False,
2015-10-08,serie_2,61,2015,10,8,Thursday,False,False,
2015-10-08,serie_2,95,2015,10,8,Thursday,False,False,
2015-10-09,serie_2,61,2015,10,9,Friday,False,False,
2015-10-09,serie_2,80,2015,10,9,Friday,False,False,
2015-10-10,serie_1,32,2015,10,10,Saturday,True,False,
2015-10-10,serie_1,30,2015,10,10,Saturday,True,False,
2015-10-11,serie_1,73,2015,10,11,Sunday,True,False,
2015-10-11,serie_1,35,2015,10,11,Sunday,True,False,
2015-10-12,serie_2,27,2015,10,12,Monday,False,False,
2015-10-12,serie_1,78,2015,10,12,Monday,False,False,
2015-10-13,serie_1,76,2015,10,13,Tuesday,False,False,
2015-10-13,serie_2,59,2015,10,13,Tuesday,False,False,
2015-10-14,serie_2,78,2015,10,14,Wednesday,False,False,
2015-10-14,serie_2,21,2015,10,14,Wednesday,False,False,
2015-10-15,serie_2,95,2015,10,15,Thursday,False,False,
2015-10-15,serie_1,29,2015,10,15,Thursday,False,False,
2015-10-16,serie_1,63,2015,10,16,Friday,False,False,
2015-10-16,serie_2,30,2015,10,16,Friday,False,False,
2015-10-17,serie_1,98,2015,10,17,Saturday,True,False,
2015-10-17,serie_1,99,2015,10,17,Saturday,True,False,
2015-10-18,serie_1,21,2015,10,18,Sunday,True,False,
2015-10-18,serie_2,69,2015,10,18,Sunday,True,False,
2015-10-19,serie_1,31,2015,10,19,Monday,False,False,
2015-10-19,serie_2,42,2015,10,19,Monday,False,False,
2015-10-20,serie_1,37,2015,10,20,Tuesday,False,False,
2015-10-20,serie_1,81,2015,10,20,Tuesday,False,False,
2015-10-21,serie_1,81,2015,10,21,Wednesday,False,False,
2015-10-21,serie_2,57,2015,10,21,Wednesday,False,False,
2015-10-22,serie_1,86,2015,10,22,Thursday,False,False,
2015-10-22,serie_2,57,2015,10,22,Thursday,False,False,
2015-10-23,serie_2,86,2015,10,23,Friday,False,False,
2015-10-23,serie_2,80,2015,10,23,Friday,False,False,
2015-10-24,serie_1,20,2015,10,24,Saturday,True,False,
2015-10-24,serie_1,64,2015,10,24,Saturday,True,False,
2015-10-25,serie_1,47,2015,10,25,Sunday,True,False,
2015-10-25,serie_1,40,2015,10,25,Sunday,True,False,
2015-10-26,serie_2,32,2015,10,26,Monday,False,False,
2015-10-26,serie_2,46,2015,10,26,Monday,False,False,
2015-10-27,serie_2,26,2015,10,27,Tuesday,False,False,
2015-10-27,serie_1,41,2015,10,27,Tuesday,False,False,
2015-10-28,serie_2,93,2015,10,28,Wednesday,False,False,
2015-10-28,serie_1,72,2015,10,28,Wednesday,False,False,
2015-10-29,serie_2,98,2015,10,29,Thursday,False,False,
2015-10-29,serie_1,98,2015,10,29,Thursday,False,False,
2015-10-30,serie_1,23,2015,10,30,Friday,False,False,
2015-10-30,serie_2,42,2015,10,30,Friday,False,False,
2015-10-31,serie_2,89,2015,10,31,Saturday,True,False,
2015-10-31,serie_2,95,2015,10,31,Saturday,True,False,
2015-11-01,serie_2,52,2015,11,1,Sunday,True,False,
2015-11-01,serie_1,47,2015,11,1,Sunday,True,False,
2015-11-02,serie_2,27,2015,11,2,Monday,False,False,
2015-11-02,serie_2,20,2015,11,2,Monday,False,False,
2015-11-03,serie_2,56,2015,11,3,Tuesday,False,False,
2015-11-03,serie_1,82,2015,11,3,Tuesday,False,False,
2015-11-04,serie_1,41,2015,11,4,Wednesday,False,False,
2015-11-04,serie_2,89,2015,11,4,Wednesday,False,False,
2015-11-05,serie_1,40,2015,11,5,Thursday,False,False,
2015-11-05,serie_2,54,2015,11,5,Thursday,False,False,
2015-11-06,serie_1,98,2015,11,6,Friday,False,False,
2015-11-06,serie_1,24,2015,11,6,Friday,False,False,
2015-11-07,serie_1,79,2015,11,7,Saturday,True,False,
2015-11-07,serie_1,65,2015,11,7,Saturday,True,False,
2015-11-08,serie_2,69,2015,11,8,Sunday,True,False,
2015-11-08,serie_2,67,2015,11,8,Sunday,True,False,
2015-11-09,serie_2,25,2015,11,9,Monday,False,False,
2015-11-09,serie_1,75,2015,11,9,Monday,False,False,
2015-11-10,serie_2,78,2015,11,10,Tuesday,False,False,
2015-11-10,serie_2,48,2015,11,10,Tuesday,False,False,
2015-11-11,serie_2,90,2015,11,11,Wednesday,False,False,
2015-11-11,serie_1,96,2015,11,11,Wednesday,False,False,
2015-11-12,serie_1,37,2015,11,12,Thursday,False,False,
2015-11-12,serie_1,21,2015,11,12,Thursday,False,False,
2015-11-13,serie_2,27,2015,11,13,Friday,False,False,
2015-11-13,serie_2,94,2015,11,13,Friday,False,False,
2015-11-14,serie_2,73,2015,11,14,Saturday,True,False,
2015-11-14,serie_1,57,2015,11,14,Saturday,True,False,
2015-11-15,serie_1,67,2015,11,15,Sunday,True,False,
2015-11-15,serie_2,46,2015,11,15,Sunday,True,False,
